timestamp,sensor_1,sensor_2,sensor_3,sensor_4,sensor_5,sensor_6
0.0,-0.31322401762008667,0.05492648482322693,0.13202820718288422,-0.4797026813030243,-0.3457357883453369,-0.26917406916618347
0.016094207763671875,-0.31322401762008667,0.09376024454832077,0.13202820718288422,-0.4797026813030243,-0.3457357883453369,-0.26917406916618347
0.032319068908691406,0.0,0.09376024454832077,0.13202820718288422,-0.6359297633171082,-0.4683598577976227,-0.26917406916618347
0.048096656799316406,0.0,0.09376024454832077,0.13202820718288422,-0.6359297633171082,-0.4683598577976227,-0.26917406916618347
0.06402301788330078,0.0,0.09376024454832077,0.13202820718288422,-0.6359297633171082,-0.4683598577976227,-0.26917406916618347
0.07996654510498047,0.0,0.09376024454832077,0.13202820718288422,-0.6359297633171082,-0.4683598577976227,-0.26917406916618347
0.09615468978881836,0.0,0.09376024454832077,0.14592720568180084,-0.6359297633171082,-0.4683598577976227,0.1316937506198883
0.11220788955688477,0.0,0.1628737598657608,0.14592720568180084,-0.6359297633171082,-0.4683598577976227,0.1316937506198883
0.12814068794250488,0.35399192571640015,0.1628737598657608,0.14592720568180084,-0.6359297633171082,-0.6145374774932861,0.1316937506198883
0.14434218406677246,0.35399192571640015,0.1628737598657608,0.14592720568180084,-0.7008545994758606,-0.6145374774932861,0.1316937506198883
0.16012978553771973,0.35399192571640015,0.1628737598657608,0.14592720568180084,-0.7008545994758606,-0.6145374774932861,0.1316937506198883
0.17621302604675293,0.35399192571640015,0.1628737598657608,0.14592720568180084,-0.7008545994758606,-0.6145374774932861,0.1316937506198883
0.19228911399841309,0.35399192571640015,0.1628737598657608,0.14592720568180084,-0.7008545994758606,-0.6145374774932861,0.32283303141593933
0.20818281173706055,0.35399192571640015,0.1628737598657608,0.11907240003347397,-0.7008545994758606,-0.6145374774932861,0.32283303141593933
0.22401976585388184,0.35399192571640015,0.14960232377052307,0.11907240003347397,-0.7008545994758606,-0.6145374774932861,0.32283303141593933
0.24050641059875488,0.44176262617111206,0.14960232377052307,0.11907240003347397,-0.5579605102539062,-0.576112687587738,0.32283303141593933
0.2561068534851074,0.44176262617111206,0.14960232377052307,0.11907240003347397,-0.5579605102539062,-0.576112687587738,0.32283303141593933
0.27211642265319824,0.44176262617111206,0.14960232377052307,0.11907240003347397,-0.5579605102539062,-0.576112687587738,0.32283303141593933
0.29239940643310547,0.44176262617111206,0.14960232377052307,0.11907240003347397,-0.5579605102539062,-0.576112687587738,0.32283303141593933
0.30388426780700684,0.44176262617111206,0.14960232377052307,0.08389080315828323,-0.5579605102539062,-0.576112687587738,0.17766143381595612
0.32000303268432617,0.44176262617111206,0.1347438544034958,0.08389080315828323,-0.5579605102539062,-0.576112687587738,0.17766143381595612
0.33608484268188477,0.2596163749694824,0.1347438544034958,0.08389080315828323,-0.5579605102539062,-0.5392740964889526,0.17766143381595612
0.35196876525878906,0.2596163749694824,0.1347438544034958,0.08389080315828323,-0.6186365485191345,-0.5392740964889526,0.17766143381595612
0.3681681156158447,0.2596163749694824,0.1347438544034958,0.08389080315828323,-0.6186365485191345,-0.5392740964889526,0.17766143381595612
0.38405585289001465,0.2596163749694824,0.1347438544034958,0.08389080315828323,-0.6186365485191345,-0.5392740964889526,0.17766143381595612
0.4000587463378906,0.2596163749694824,0.1347438544034958,0.08389080315828323,-0.6186365485191345,-0.5392740964889526,-0.07203537225723267
0.41634249687194824,0.2596163749694824,0.1347438544034958,0.08334780484437943,-0.6186365485191345,-0.5392740964889526,-0.07203537225723267
0.43231892585754395,0.2596163749694824,0.10449264198541641,0.08334780484437943,-0.6186365485191345,-0.5392740964889526,-0.07203537225723267
0.44835638999938965,-0.027035389095544815,0.10449264198541641,0.08334780484437943,-0.5854433178901672,-0.4566400647163391,-0.07203537225723267
0.4641554355621338,-0.027035389095544815,0.10449264198541641,0.08334780484437943,-0.5854433178901672,-0.4566400647163391,-0.07203537225723267
0.48025965690612793,-0.027035389095544815,0.10449264198541641,0.08334780484437943,-0.5854433178901672,-0.4566400647163391,-0.07203537225723267
0.4961080551147461,-0.027035389095544815,0.10449264198541641,0.08334780484437943,-0.5854433178901672,-0.4566400647163391,-0.07203537225723267
0.5121495723724365,-0.027035389095544815,0.10449264198541641,0.08807820081710815,-0.5854433178901672,-0.4566400647163391,-0.3983195424079895
0.5281555652618408,-0.027035389095544815,0.05776960030198097,0.08807820081710815,-0.5854433178901672,-0.4566400647163391,-0.3983195424079895
0.5443634986877441,-0.31433430314064026,0.05776960030198097,0.08807820081710815,-0.5854433178901672,-0.34318557381629944,-0.3983195424079895
0.5601708889007568,-0.31433430314064026,0.05776960030198097,0.08807820081710815,-0.47947707772254944,-0.34318557381629944,-0.3983195424079895
0.5760815143585205,-0.31433430314064026,0.05776960030198097,0.08807820081710815,-0.47947707772254944,-0.34318557381629944,-0.3983195424079895
0.5919885635375977,-0.31433430314064026,0.05776960030198097,0.08807820081710815,-0.47947707772254944,-0.34318557381629944,-0.3983195424079895
0.6080546379089355,-0.31433430314064026,0.05776960030198097,0.08807820081710815,-0.47947707772254944,-0.34318557381629944,-0.3090304434299469
0.6241493225097656,-0.31433430314064026,0.08374744653701782,0.12777000665664673,-0.47947707772254944,-0.34318557381629944,-0.3090304434299469
0.6401147842407227,-0.31433430314064026,0.08374744653701782,0.12777000665664673,-0.47947707772254944,-0.34318557381629944,-0.3090304434299469
0.6560981273651123,-0.04990837723016739,0.08374744653701782,0.12777000665664673,-0.47947707772254944,-0.4535461366176605,-0.3090304434299469
0.6720883846282959,-0.04990837723016739,0.08374744653701782,0.12777000665664673,-0.6181214451789856,-0.4535461366176605,-0.3090304434299469
0.6880788803100586,-0.04990837723016739,0.08374744653701782,0.12777000665664673,-0.6181214451789856,-0.4535461366176605,-0.3090304434299469
0.7041127681732178,-0.04990837723016739,0.08374744653701782,0.12777000665664673,-0.6181214451789856,-0.4535461366176605,-0.3090304434299469
0.7201154232025146,-0.04990837723016739,0.08374744653701782,0.14609099924564362,-0.6181214451789856,-0.4535461366176605,0.09398069977760315
0.7361648082733154,-0.04990837723016739,0.1561274379491806,0.14609099924564362,-0.6181214451789856,-0.4535461366176605,0.09398069977760315
0.7521204948425293,0.31459614634513855,0.1561274379491806,0.14609099924564362,-0.6181214451789856,-0.6044912934303284,0.09398069977760315
0.7682051658630371,0.31459614634513855,0.1561274379491806,0.14609099924564362,-0.7095740437507629,-0.6044912934303284,0.09398069977760315
0.7842352390289307,0.31459614634513855,0.1561274379491806,0.14609099924564362,-0.7095740437507629,-0.6044912934303284,0.09398069977760315
0.8001976013183594,0.31459614634513855,0.1561274379491806,0.14609099924564362,-0.7095740437507629,-0.6044912934303284,0.09398069977760315
0.8161027431488037,0.31459614634513855,0.1561274379491806,0.14609099924564362,-0.7095740437507629,-0.6044912934303284,0.3250179886817932
0.8320157527923584,0.31459614634513855,0.15763720870018005,0.12820500135421753,-0.7095740437507629,-0.6044912934303284,0.3250179886817932
0.8480713367462158,0.31459614634513855,0.15763720870018005,0.12820500135421753,-0.7095740437507629,-0.6044912934303284,0.3250179886817932
0.8640530109405518,0.4579641819000244,0.15763720870018005,0.12820500135421753,-0.7095740437507629,-0.5848222374916077,0.3250179886817932
0.8801026344299316,0.4579641819000244,0.15763720870018005,0.12820500135421753,-0.5626868009567261,-0.5848222374916077,0.3250179886817932
0.8963305950164795,0.4579641819000244,0.15763720870018005,0.12820500135421753,-0.5626868009567261,-0.5848222374916077,0.3250179886817932
0.912024974822998,0.4579641819000244,0.15763720870018005,0.12820500135421753,-0.5626868009567261,-0.5848222374916077,0.3250179886817932
0.9282338619232178,0.4579641819000244,0.15763720870018005,0.08382300287485123,-0.5626868009567261,-0.5848222374916077,0.2023461014032364
0.9442377090454102,0.4579641819000244,0.13733887672424316,0.08382300287485123,-0.5626868009567261,-0.5848222374916077,0.2023461014032364
0.9601335525512695,0.29321786761283875,0.13733887672424316,0.08382300287485123,-0.5626868009567261,-0.5455475449562073,0.2023461014032364
0.9762041568756104,0.29321786761283875,0.13733887672424316,0.08382300287485123,-0.6049699187278748,-0.5455475449562073,0.2023461014032364
0.9922456741333008,0.29321786761283875,0.13733887672424316,0.08382300287485123,-0.6049699187278748,-0.5455475449562073,0.2023461014032364
1.008110761642456,0.29321786761283875,0.13733887672424316,0.08382300287485123,-0.6049699187278748,-0.5455475449562073,0.2023461014032364
1.0238804817199707,0.29321786761283875,0.13733887672424316,0.08346539735794067,-0.6049699187278748,-0.5455475449562073,-0.04610627889633179
1.0400333404541016,0.29321786761283875,0.1161787286400795,0.08346539735794067,-0.6049699187278748,-0.5455475449562073,-0.04610627889633179
1.0559260845184326,0.011769959703087807,0.1161787286400795,0.08346539735794067,-0.6049699187278748,-0.5455475449562073,-0.04610627889633179
1.072066068649292,0.011769959703087807,0.1161787286400795,0.08346539735794067,-0.6049699187278748,-0.459364116191864,-0.04610627889633179
1.088038444519043,0.011769959703087807,0.1161787286400795,0.08346539735794067,-0.59773188829422,-0.459364116191864,-0.04610627889633179
1.1040570735931396,0.011769959703087807,0.1161787286400795,0.08346539735794067,-0.59773188829422,-0.459364116191864,-0.04610627889633179
1.1199569702148438,0.011769959703087807,0.1161787286400795,0.08346539735794067,-0.59773188829422,-0.459364116191864,-0.04610627889633179
1.136251449584961,0.011769959703087807,0.1161787286400795,0.08494380116462708,-0.59773188829422,-0.459364116191864,-0.37589308619499207
1.1521437168121338,0.011769959703087807,0.05910296365618706,0.08494380116462708,-0.59773188829422,-0.459364116191864,-0.37589308619499207
1.168227195739746,-0.310373991727829,0.05910296365618706,0.08494380116462708,-0.59773188829422,-0.3493552505970001,-0.37589308619499207
1.1842336654663086,-0.310373991727829,0.05910296365618706,0.08494380116462708,-0.47384366393089294,-0.3493552505970001,-0.37589308619499207
1.2001380920410156,-0.310373991727829,0.05910296365618706,0.08494380116462708,-0.47384366393089294,-0.3493552505970001,-0.37589308619499207
1.2162046432495117,-0.310373991727829,0.05910296365618706,0.08494380116462708,-0.47384366393089294,-0.3493552505970001,-0.37589308619499207
1.2320680618286133,-0.310373991727829,0.05910296365618706,0.1233828067779541,-0.47384366393089294,-0.3493552505970001,-0.3388522267341614
1.2481718063354492,-0.310373991727829,0.07355712354183197,0.1233828067779541,-0.47384366393089294,-0.3493552505970001,-0.3388522267341614
1.2640552520751953,-0.10363472998142242,0.07355712354183197,0.1233828067779541,-0.47384366393089294,-0.3493552505970001,-0.3388522267341614
1.2800698280334473,-0.10363472998142242,0.07355712354183197,0.1233828067779541,-0.47384366393089294,-0.4359622001647949,-0.3388522267341614
1.2961843013763428,-0.10363472998142242,0.07355712354183197,0.1233828067779541,-0.6037516593933105,-0.4359622001647949,-0.3388522267341614
1.31211519241333,-0.10363472998142242,0.07355712354183197,0.1233828067779541,-0.6037516593933105,-0.4359622001647949,-0.3388522267341614
1.328263282775879,-0.10363472998142242,0.07355712354183197,0.1233828067779541,-0.6037516593933105,-0.4359622001647949,-0.3388522267341614
1.3441352844238281,-0.10363472998142242,0.07355712354183197,0.14362740516662598,-0.6037516593933105,-0.4359622001647949,0.05737743154168129
1.3601012229919434,-0.10363472998142242,0.1451536864042282,0.14362740516662598,-0.6037516593933105,-0.4359622001647949,0.05737743154168129
1.376072883605957,0.26926082372665405,0.1451536864042282,0.14362740516662598,-0.6037516593933105,-0.6002817749977112,0.05737743154168129
1.39225435256958,0.26926082372665405,0.1451536864042282,0.14362740516662598,-0.7084441781044006,-0.6002817749977112,0.05737743154168129
1.408156394958496,0.26926082372665405,0.1451536864042282,0.14362740516662598,-0.7084441781044006,-0.6002817749977112,0.05737743154168129
1.4239857196807861,0.26926082372665405,0.1451536864042282,0.14362740516662598,-0.7084441781044006,-0.6002817749977112,0.05737743154168129
1.4399287700653076,0.26926082372665405,0.1451536864042282,0.13749481737613678,-0.7084441781044006,-0.6002817749977112,0.31814736127853394
1.455942153930664,0.26926082372665405,0.1633329689502716,0.13749481737613678,-0.7084441781044006,-0.6002817749977112,0.31814736127853394
1.4719841480255127,0.457240492105484,0.1633329689502716,0.13749481737613678,-0.7084441781044006,-0.6002817749977112,0.31814736127853394
1.4881267547607422,0.457240492105484,0.1633329689502716,0.13749481737613678,-0.7084441781044006,-0.5893281102180481,0.31814736127853394
1.5040361881256104,0.457240492105484,0.1633329689502716,0.13749481737613678,-0.5865157842636108,-0.5893281102180481,0.31814736127853394
1.5201354026794434,0.457240492105484,0.1633329689502716,0.13749481737613678,-0.5865157842636108,-0.5893281102180481,0.31814736127853394
1.5359828472137451,0.457240492105484,0.1633329689502716,0.13749481737613678,-0.5865157842636108,-0.5893281102180481,0.31814736127853394
1.552117109298706,0.457240492105484,0.1633329689502716,0.08404440432786942,-0.5865157842636108,-0.5893281102180481,0.2076881378889084
1.5680973529815674,0.457240492105484,0.134984090924263,0.08404440432786942,-0.5865157842636108,-0.5893281102180481,0.2076881378889084
1.5840294361114502,0.3118833005428314,0.134984090924263,0.08404440432786942,-0.5865157842636108,-0.5469343066215515,0.2076881378889084
1.6000945568084717,0.3118833005428314,0.134984090924263,0.08404440432786942,-0.5942605137825012,-0.5469343066215515,0.2076881378889084
1.616168737411499,0.3118833005428314,0.134984090924263,0.08404440432786942,-0.5942605137825012,-0.5469343066215515,0.2076881378889084
1.6320791244506836,0.3118833005428314,0.134984090924263,0.08404440432786942,-0.5942605137825012,-0.5469343066215515,0.2076881378889084
1.6483352184295654,0.3118833005428314,0.134984090924263,0.08488920331001282,-0.5942605137825012,-0.5469343066215515,-0.017430929467082024
1.664116621017456,0.3118833005428314,0.1194748803973198,0.08488920331001282,-0.5942605137825012,-0.5469343066215515,-0.017430929467082024
1.6803562641143799,0.05281646549701691,0.1194748803973198,0.08488920331001282,-0.5942605137825012,-0.5469343066215515,-0.017430929467082024
1.6963372230529785,0.05281646549701691,0.1194748803973198,0.08488920331001282,-0.5942605137825012,-0.4728081226348877,-0.017430929467082024
1.7122256755828857,0.05281646549701691,0.1194748803973198,0.08488920331001282,-0.6054229736328125,-0.4728081226348877,-0.017430929467082024
1.7281334400177002,0.05281646549701691,0.1194748803973198,0.08488920331001282,-0.6054229736328125,-0.4728081226348877,-0.017430929467082024
1.7443320751190186,0.05281646549701691,0.1194748803973198,0.08488920331001282,-0.6054229736328125,-0.4728081226348877,-0.017430929467082024
1.7602088451385498,0.05281646549701691,0.06628216803073883,0.07911840081214905,-0.6054229736328125,-0.4728081226348877,-0.34546348452568054
1.7760405540466309,0.05281646549701691,0.06628216803073883,0.07911840081214905,-0.6054229736328125,-0.4728081226348877,-0.34546348452568054
1.7923238277435303,-0.2894876003265381,0.06628216803073883,0.07911840081214905,-0.6054229736328125,-0.3529622256755829,-0.34546348452568054
1.8080947399139404,-0.2894876003265381,0.06628216803073883,0.07911840081214905,-0.47847315669059753,-0.3529622256755829,-0.34546348452568054
1.8241016864776611,-0.2894876003265381,0.06628216803073883,0.07911840081214905,-0.47847315669059753,-0.3529622256755829,-0.34546348452568054
1.8401129245758057,-0.2894876003265381,0.06628216803073883,0.07911840081214905,-0.47847315669059753,-0.3529622256755829,-0.34546348452568054
1.8561780452728271,-0.2894876003265381,0.06628216803073883,0.11910540610551834,-0.47847315669059753,-0.3529622256755829,-0.3672691881656647
1.872049331665039,-0.2894876003265381,0.06224064156413078,0.11910540610551834,-0.47847315669059753,-0.3529622256755829,-0.3672691881656647
1.888124704360962,-0.1543871909379959,0.06224064156413078,0.11910540610551834,-0.47847315669059753,-0.3529622256755829,-0.3672691881656647
1.9042632579803467,-0.1543871909379959,0.06224064156413078,0.11910540610551834,-0.47847315669059753,-0.42229020595550537,-0.3672691881656647
1.920067548751831,-0.1543871909379959,0.06224064156413078,0.11910540610551834,-0.5880480408668518,-0.42229020595550537,-0.3672691881656647
1.9362144470214844,-0.1543871909379959,0.06224064156413078,0.11910540610551834,-0.5880480408668518,-0.42229020595550537,-0.3672691881656647
1.9522154331207275,-0.1543871909379959,0.06224064156413078,0.14346720278263092,-0.5880480408668518,-0.42229020595550537,-0.3672691881656647
1.9683167934417725,-0.1543871909379959,0.13339145481586456,0.14346720278263092,-0.5880480408668518,-0.42229020595550537,0.02547071874141693
1.9842267036437988,-0.1543871909379959,0.13339145481586456,0.14346720278263092,-0.5880480408668518,-0.42229020595550537,0.02547071874141693
2.000148296356201,0.2302396297454834,0.13339145481586456,0.14346720278263092,-0.5880480408668518,-0.5911925435066223,0.02547071874141693
2.0162220001220703,0.2302396297454834,0.13339145481586456,0.14346720278263092,-0.7096642851829529,-0.5911925435066223,0.02547071874141693
2.0323479175567627,0.2302396297454834,0.13339145481586456,0.14346720278263092,-0.7096642851829529,-0.5911925435066223,0.02547071874141693
2.0483317375183105,0.2302396297454834,0.13339145481586456,0.14346720278263092,-0.7096642851829529,-0.5911925435066223,0.02547071874141693
2.064225673675537,0.2302396297454834,0.13339145481586456,0.1410738080739975,-0.7096642851829529,-0.5911925435066223,0.3162277936935425
2.0802319049835205,0.2302396297454834,0.16748033463954926,0.1410738080739975,-0.7096642851829529,-0.5911925435066223,0.3162277936935425
2.096245527267456,0.45531323552131653,0.16748033463954926,0.1410738080739975,-0.7096642851829529,-0.5911925435066223,0.3162277936935425
2.1121432781219482,0.45531323552131653,0.16748033463954926,0.1410738080739975,-0.7096642851829529,-0.5983574986457825,0.3162277936935425
2.1280603408813477,0.45531323552131653,0.16748033463954926,0.1410738080739975,-0.5896469950675964,-0.5983574986457825,0.3162277936935425
2.1441128253936768,0.45531323552131653,0.16748033463954926,0.1410738080739975,-0.5896469950675964,-0.5983574986457825,0.3162277936935425
2.160233497619629,0.45531323552131653,0.16748033463954926,0.08662140369415283,-0.5896469950675964,-0.5983574986457825,0.3162277936935425
2.176136016845703,0.45531323552131653,0.13875512778759003,0.08662140369415283,-0.5896469950675964,-0.5983574986457825,0.23019973933696747
2.1921496391296387,0.45531323552131653,0.13875512778759003,0.08662140369415283,-0.5896469950675964,-0.5983574986457825,0.23019973933696747
2.20820951461792,0.3396015465259552,0.13875512778759003,0.08662140369415283,-0.5896469950675964,-0.5478349328041077,0.23019973933696747
2.224057912826538,0.3396015465259552,0.13875512778759003,0.08662140369415283,-0.5881862044334412,-0.5478349328041077,0.23019973933696747
2.2402076721191406,0.3396015465259552,0.13875512778759003,0.08662140369415283,-0.5881862044334412,-0.5478349328041077,0.23019973933696747
2.256098508834839,0.3396015465259552,0.13875512778759003,0.08662140369415283,-0.5881862044334412,-0.5478349328041077,0.23019973933696747
2.272170305252075,0.3396015465259552,0.13875512778759003,0.08599500358104706,-0.5881862044334412,-0.5478349328041077,0.007657649926841259
2.288255214691162,0.3396015465259552,0.12694863975048065,0.08599500358104706,-0.5881862044334412,-0.5478349328041077,0.007657649926841259
2.304121732711792,0.09156333655118942,0.12694863975048065,0.08599500358104706,-0.5881862044334412,-0.5478349328041077,0.007657649926841259
2.320181369781494,0.09156333655118942,0.12694863975048065,0.08599500358104706,-0.5881862044334412,-0.4794708490371704,0.007657649926841259
2.336296319961548,0.09156333655118942,0.12694863975048065,0.08599500358104706,-0.6133781671524048,-0.4794708490371704,0.007657649926841259
2.3523342609405518,0.09156333655118942,0.12694863975048065,0.08599500358104706,-0.6133781671524048,-0.4794708490371704,0.007657649926841259
2.3683087825775146,0.09156333655118942,0.12694863975048065,0.07888980209827423,-0.6133781671524048,-0.4794708490371704,0.007657649926841259
2.3843555450439453,0.09156333655118942,0.07427112758159637,0.07888980209827423,-0.6133781671524048,-0.4794708490371704,-0.31323301792144775
2.400120496749878,0.09156333655118942,0.07427112758159637,0.07888980209827423,-0.6133781671524048,-0.4794708490371704,-0.31323301792144775
2.4163131713867188,-0.2570987343788147,0.07427112758159637,0.07888980209827423,-0.6133781671524048,-0.35956111550331116,-0.31323301792144775
2.432304620742798,-0.2570987343788147,0.07427112758159637,0.07888980209827423,-0.48116907477378845,-0.35956111550331116,-0.31323301792144775
2.4482345581054688,-0.2570987343788147,0.07427112758159637,0.07888980209827423,-0.48116907477378845,-0.35956111550331116,-0.31323301792144775
2.464146375656128,-0.2570987343788147,0.07427112758159637,0.07888980209827423,-0.48116907477378845,-0.35956111550331116,-0.31323301792144775
2.4801981449127197,-0.2570987343788147,0.07427112758159637,0.11464380472898483,-0.48116907477378845,-0.35956111550331116,-0.39071735739707947
2.4963247776031494,-0.2570987343788147,0.059169039130210876,0.11464380472898483,-0.48116907477378845,-0.35956111550331116,-0.39071735739707947
2.512068271636963,-0.19637799263000488,0.059169039130210876,0.11464380472898483,-0.48116907477378845,-0.35956111550331116,-0.39071735739707947
2.5281426906585693,-0.19637799263000488,0.059169039130210876,0.11464380472898483,-0.48116907477378845,-0.4106142818927765,-0.39071735739707947
2.544372797012329,-0.19637799263000488,0.059169039130210876,0.11464380472898483,-0.5668209195137024,-0.4106142818927765,-0.39071735739707947
2.5601296424865723,-0.19637799263000488,0.059169039130210876,0.11464380472898483,-0.5668209195137024,-0.4106142818927765,-0.39071735739707947
2.576162338256836,-0.19637799263000488,0.059169039130210876,0.1421826034784317,-0.5668209195137024,-0.4106142818927765,-0.39071735739707947
2.5922372341156006,-0.19637799263000488,0.1238938421010971,0.1421826034784317,-0.5668209195137024,-0.4106142818927765,-0.007335899863392115
2.608098030090332,0.1927087903022766,0.1238938421010971,0.1421826034784317,-0.5668209195137024,-0.4106142818927765,-0.007335899863392115
2.624251127243042,0.1927087903022766,0.1238938421010971,0.1421826034784317,-0.5668209195137024,-0.5842220187187195,-0.007335899863392115
2.6401445865631104,0.1927087903022766,0.1238938421010971,0.1421826034784317,-0.7063385844230652,-0.5842220187187195,-0.007335899863392115
2.656067132949829,0.1927087903022766,0.1238938421010971,0.1421826034784317,-0.7063385844230652,-0.5842220187187195,-0.007335899863392115
2.672234296798706,0.1927087903022766,0.1238938421010971,0.1421826034784317,-0.7063385844230652,-0.5842220187187195,-0.007335899863392115
2.688314199447632,0.1927087903022766,0.1709892898797989,0.1451406031847,-0.7063385844230652,-0.5842220187187195,0.30396562814712524
2.7042229175567627,0.1927087903022766,0.1709892898797989,0.1451406031847,-0.7063385844230652,-0.5842220187187195,0.30396562814712524
2.720329761505127,0.450283944606781,0.1709892898797989,0.1451406031847,-0.7063385844230652,-0.5842220187187195,0.30396562814712524
2.736361265182495,0.450283944606781,0.1709892898797989,0.1451406031847,-0.7063385844230652,-0.6072956323623657,0.30396562814712524
2.7523601055145264,0.450283944606781,0.1709892898797989,0.1451406031847,-0.6043814420700073,-0.6072956323623657,0.30396562814712524
2.7681260108947754,0.450283944606781,0.1709892898797989,0.1451406031847,-0.6043814420700073,-0.6072956323623657,0.30396562814712524
2.7842226028442383,0.450283944606781,0.1709892898797989,0.09473100304603577,-0.6043814420700073,-0.6072956323623657,0.30396562814712524
2.800205945968628,0.450283944606781,0.13999608159065247,0.09473100304603577,-0.6043814420700073,-0.6072956323623657,0.24584372341632843
2.8161158561706543,0.36162570118904114,0.13999608159065247,0.09473100304603577,-0.6043814420700073,-0.6072956323623657,0.24584372341632843
2.832365036010742,0.36162570118904114,0.13999608159065247,0.09473100304603577,-0.6043814420700073,-0.5456187725067139,0.24584372341632843
2.848405361175537,0.36162570118904114,0.13999608159065247,0.09473100304603577,-0.5800693035125732,-0.5456187725067139,0.24584372341632843
2.8644161224365234,0.36162570118904114,0.13999608159065247,0.09473100304603577,-0.5800693035125732,-0.5456187725067139,0.24584372341632843
2.880138635635376,0.36162570118904114,0.13999608159065247,0.08712480217218399,-0.5800693035125732,-0.5456187725067139,0.24584372341632843
2.896258592605591,0.36162570118904114,0.12950727343559265,0.08712480217218399,-0.5800693035125732,-0.5456187725067139,0.02562911994755268
2.912220001220703,0.36162570118904114,0.12950727343559265,0.08712480217218399,-0.5800693035125732,-0.5456187725067139,0.02562911994755268
2.928422212600708,0.12009555846452713,0.12950727343559265,0.08712480217218399,-0.5800693035125732,-0.5456187725067139,0.02562911994755268
2.944258689880371,0.12009555846452713,0.12950727343559265,0.08712480217218399,-0.5800693035125732,-0.47776713967323303,0.02562911994755268
2.9602558612823486,0.12009555846452713,0.12950727343559265,0.08712480217218399,-0.6203266382217407,-0.47776713967323303,0.02562911994755268
2.9763784408569336,0.12009555846452713,0.12950727343559265,0.08712480217218399,-0.6203266382217407,-0.47776713967323303,0.02562911994755268
2.992358684539795,0.12009555846452713,0.12950727343559265,0.07809360325336456,-0.6203266382217407,-0.47776713967323303,0.02562911994755268
3.0080511569976807,0.12009555846452713,0.08107400685548782,0.07809360325336456,-0.6203266382217407,-0.47776713967323303,-0.29280635714530945
3.024214267730713,-0.23079603910446167,0.08107400685548782,0.07809360325336456,-0.6203266382217407,-0.47776713967323303,-0.29280635714530945
3.040253162384033,-0.23079603910446167,0.08107400685548782,0.07809360325336456,-0.6203266382217407,-0.47776713967323303,-0.29280635714530945
3.056110382080078,-0.23079603910446167,0.08107400685548782,0.07809360325336456,-0.48670849204063416,-0.3627171814441681,-0.29280635714530945
3.072322130203247,-0.23079603910446167,0.08107400685548782,0.07809360325336456,-0.48670849204063416,-0.3627171814441681,-0.29280635714530945
3.0882411003112793,-0.23079603910446167,0.08107400685548782,0.11029860377311707,-0.48670849204063416,-0.3627171814441681,-0.29280635714530945
3.104050636291504,-0.23079603910446167,0.05451656132936478,0.11029860377311707,-0.48670849204063416,-0.3627171814441681,-0.4085690379142761
3.120215654373169,-0.23079603910446167,0.05451656132936478,0.11029860377311707,-0.48670849204063416,-0.3627171814441681,-0.4085690379142761
3.13631010055542,-0.23043613135814667,0.05451656132936478,0.11029860377311707,-0.48670849204063416,-0.3627171814441681,-0.4085690379142761
3.152303695678711,-0.23043613135814667,0.05451656132936478,0.11029860377311707,-0.48670849204063416,-0.4069896936416626,-0.4085690379142761
3.1682400703430176,-0.23043613135814667,0.05451656132936478,0.11029860377311707,-0.5492081046104431,-0.4069896936416626,-0.4085690379142761
3.184316873550415,-0.23043613135814667,0.05451656132936478,0.11029860377311707,-0.5492081046104431,-0.4069896936416626,-0.4085690379142761
3.2003371715545654,-0.23043613135814667,0.05451656132936478,0.1431467980146408,-0.5492081046104431,-0.4069896936416626,-0.4085690379142761
3.2162256240844727,-0.23043613135814667,0.1134890466928482,0.1431467980146408,-0.5492081046104431,-0.4069896936416626,-0.03847139701247215
3.2323901653289795,0.15473505854606628,0.1134890466928482,0.1431467980146408,-0.5492081046104431,-0.4069896936416626,-0.03847139701247215
3.248396635055542,0.15473505854606628,0.1134890466928482,0.1431467980146408,-0.5492081046104431,-0.4069896936416626,-0.03847139701247215
3.2643420696258545,0.15473505854606628,0.1134890466928482,0.1431467980146408,-0.7028304934501648,-0.5771631598472595,-0.03847139701247215
3.280245780944824,0.15473505854606628,0.1134890466928482,0.1431467980146408,-0.7028304934501648,-0.5771631598472595,-0.03847139701247215
3.29624342918396,0.15473505854606628,0.1134890466928482,0.14709480106830597,-0.7028304934501648,-0.5771631598472595,-0.03847139701247215
3.312300682067871,0.15473505854606628,0.17145408689975739,0.14709480106830597,-0.7028304934501648,-0.5771631598472595,0.28390824794769287
3.328181743621826,0.15473505854606628,0.17145408689975739,0.14709480106830597,-0.7028304934501648,-0.5771631598472595,0.28390824794769287
3.3443424701690674,0.4374987483024597,0.17145408689975739,0.14709480106830597,-0.7028304934501648,-0.5771631598472595,0.28390824794769287
3.360234260559082,0.4374987483024597,0.17145408689975739,0.14709480106830597,-0.7028304934501648,-0.5986920595169067,0.28390824794769287
3.376221179962158,0.4374987483024597,0.17145408689975739,0.14709480106830597,-0.6230272650718689,-0.5986920595169067,0.28390824794769287
3.392242908477783,0.4374987483024597,0.17145408689975739,0.14709480106830597,-0.6230272650718689,-0.5986920595169067,0.28390824794769287
3.4082388877868652,0.4374987483024597,0.17145408689975739,0.10170840471982956,-0.6230272650718689,-0.5986920595169067,0.28390824794769287
3.4241902828216553,0.4374987483024597,0.14021672308444977,0.10170840471982956,-0.6230272650718689,-0.5986920595169067,0.2670435905456543
3.440302610397339,0.3894079923629761,0.14021672308444977,0.10170840471982956,-0.6230272650718689,-0.5986920595169067,0.2670435905456543
3.456378936767578,0.3894079923629761,0.14021672308444977,0.10170840471982956,-0.6230272650718689,-0.5986920595169067,0.2670435905456543
3.4723310470581055,0.3894079923629761,0.14021672308444977,0.10170840471982956,-0.5778405666351318,-0.5493425726890564,0.2670435905456543
3.4881508350372314,0.3894079923629761,0.14021672308444977,0.10170840471982956,-0.5778405666351318,-0.5493425726890564,0.2670435905456543
3.504263162612915,0.3894079923629761,0.14021672308444977,0.08615820109844208,-0.5778405666351318,-0.5493425726890564,0.2670435905456543
3.5203237533569336,0.3894079923629761,0.13292160630226135,0.08615820109844208,-0.5778405666351318,-0.5493425726890564,0.05199380964040756
3.536318302154541,0.3894079923629761,0.13292160630226135,0.08615820109844208,-0.5778405666351318,-0.5493425726890564,0.05199380964040756
3.55242657661438,0.15357019007205963,0.13292160630226135,0.08615820109844208,-0.5778405666351318,-0.5493425726890564,0.05199380964040756
3.5683040618896484,0.15357019007205963,0.13292160630226135,0.08615820109844208,-0.5778405666351318,-0.4905482530593872,0.05199380964040756
3.5840187072753906,0.15357019007205963,0.13292160630226135,0.08615820109844208,-0.622563898563385,-0.4905482530593872,0.05199380964040756
3.600292444229126,0.15357019007205963,0.13292160630226135,0.08615820109844208,-0.622563898563385,-0.4905482530593872,0.05199380964040756
3.6160967350006104,0.15357019007205963,0.08479855954647064,0.07965180277824402,-0.622563898563385,-0.4905482530593872,0.05199380964040756
3.632166862487793,0.15357019007205963,0.08479855954647064,0.07965180277824402,-0.622563898563385,-0.4905482530593872,-0.2583048343658447
3.6482431888580322,-0.19038721919059753,0.08479855954647064,0.07965180277824402,-0.622563898563385,-0.4905482530593872,-0.2583048343658447
3.6641738414764404,-0.19038721919059753,0.08479855954647064,0.07965180277824402,-0.622563898563385,-0.4905482530593872,-0.2583048343658447
3.6802048683166504,-0.19038721919059753,0.08479855954647064,0.07965180277824402,-0.4939521551132202,-0.37533870339393616,-0.2583048343658447
3.6962382793426514,-0.19038721919059753,0.08479855954647064,0.07965180277824402,-0.4939521551132202,-0.37533870339393616,-0.2583048343658447
3.71232533454895,-0.19038721919059753,0.08479855954647064,0.10351860523223877,-0.4939521551132202,-0.37533870339393616,-0.2583048343658447
3.7281675338745117,-0.19038721919059753,0.05418840050697327,0.10351860523223877,-0.4939521551132202,-0.37533870339393616,-0.42400410771369934
3.7444491386413574,-0.19038721919059753,0.05418840050697327,0.10351860523223877,-0.4939521551132202,-0.37533870339393616,-0.42400410771369934
3.760152816772461,-0.26215291023254395,0.05418840050697327,0.10351860523223877,-0.4939521551132202,-0.37533870339393616,-0.42400410771369934
3.776292562484741,-0.26215291023254395,0.05418840050697327,0.10351860523223877,-0.4939521551132202,-0.3856055736541748,-0.42400410771369934
3.7920596599578857,-0.26215291023254395,0.05418840050697327,0.10351860523223877,-0.5395525097846985,-0.3856055736541748,-0.42400410771369934
3.8081390857696533,-0.26215291023254395,0.05418840050697327,0.13810381293296814,-0.5395525097846985,-0.3856055736541748,-0.42400410771369934
3.824176549911499,-0.26215291023254395,0.10580192506313324,0.13810381293296814,-0.5395525097846985,-0.3856055736541748,-0.42400410771369934
3.840310573577881,-0.26215291023254395,0.10580192506313324,0.13810381293296814,-0.5395525097846985,-0.3856055736541748,-0.07574093341827393
3.8564579486846924,0.11245402693748474,0.10580192506313324,0.13810381293296814,-0.5395525097846985,-0.3856055736541748,-0.07574093341827393
3.8723936080932617,0.11245402693748474,0.10580192506313324,0.13810381293296814,-0.5395525097846985,-0.3856055736541748,-0.07574093341827393
3.888254165649414,0.11245402693748474,0.10580192506313324,0.13810381293296814,-0.6912450194358826,-0.5690138339996338,-0.07574093341827393
3.904355525970459,0.11245402693748474,0.10580192506313324,0.13810381293296814,-0.6912450194358826,-0.5690138339996338,-0.07574093341827393
3.920428514480591,0.11245402693748474,0.10580192506313324,0.14845740795135498,-0.6912450194358826,-0.5690138339996338,-0.07574093341827393
3.936260461807251,0.11245402693748474,0.16586583852767944,0.14845740795135498,-0.6912450194358826,-0.5690138339996338,0.2652199864387512
3.952296495437622,0.11245402693748474,0.16586583852767944,0.14845740795135498,-0.6912450194358826,-0.5690138339996338,0.2652199864387512
3.968156099319458,0.4223438501358032,0.16586583852767944,0.14845740795135498,-0.6912450194358826,-0.5690138339996338,0.2652199864387512
3.984234094619751,0.4223438501358032,0.16586583852767944,0.14845740795135498,-0.6912450194358826,-0.6031876802444458,0.2652199864387512
4.000322103500366,0.4223438501358032,0.16586583852767944,0.14845740795135498,-0.6347509622573853,-0.6031876802444458,0.2652199864387512
4.016403436660767,0.4223438501358032,0.16586583852767944,0.10659720748662949,-0.6347509622573853,-0.6031876802444458,0.2652199864387512
4.032252788543701,0.4223438501358032,0.14067088067531586,0.10659720748662949,-0.6347509622573853,-0.6031876802444458,0.2652199864387512
4.0483903884887695,0.4223438501358032,0.14067088067531586,0.10659720748662949,-0.6347509622573853,-0.6031876802444458,0.27281132340431213
4.064295053482056,0.39743736386299133,0.14067088067531586,0.10659720748662949,-0.6347509622573853,-0.6031876802444458,0.27281132340431213
4.080214262008667,0.39743736386299133,0.14067088067531586,0.10659720748662949,-0.6347509622573853,-0.6031876802444458,0.27281132340431213
4.0964038372039795,0.39743736386299133,0.14067088067531586,0.10659720748662949,-0.5658969283103943,-0.5514350533485413,0.27281132340431213
4.112223863601685,0.39743736386299133,0.14067088067531586,0.10659720748662949,-0.5658969283103943,-0.5514350533485413,0.27281132340431213
4.128213167190552,0.39743736386299133,0.14067088067531586,0.08719920367002487,-0.5658969283103943,-0.5514350533485413,0.27281132340431213
4.14440655708313,0.39743736386299133,0.12935440242290497,0.08719920367002487,-0.5658969283103943,-0.5514350533485413,0.06711705029010773
4.160300970077515,0.17577539384365082,0.12935440242290497,0.08719920367002487,-0.5658969283103943,-0.5514350533485413,0.06711705029010773
4.176366806030273,0.17577539384365082,0.12935440242290497,0.08719920367002487,-0.5658969283103943,-0.5514350533485413,0.06711705029010773
4.192346572875977,0.17577539384365082,0.12935440242290497,0.08719920367002487,-0.5658969283103943,-0.49292856454849243,0.06711705029010773
4.208335876464844,0.17577539384365082,0.12935440242290497,0.08719920367002487,-0.6298187971115112,-0.49292856454849243,0.06711705029010773
4.224229335784912,0.17577539384365082,0.12935440242290497,0.08067480474710464,-0.6298187971115112,-0.49292856454849243,0.06711705029010773
4.240326881408691,0.17577539384365082,0.09219392389059067,0.08067480474710464,-0.6298187971115112,-0.49292856454849243,0.06711705029010773
4.2562854290008545,0.17577539384365082,0.09219392389059067,0.08067480474710464,-0.6298187971115112,-0.49292856454849243,-0.23232725262641907
4.272225856781006,-0.1533091962337494,0.09219392389059067,0.08067480474710464,-0.6298187971115112,-0.49292856454849243,-0.23232725262641907
4.288291692733765,-0.1533091962337494,0.09219392389059067,0.08067480474710464,-0.6298187971115112,-0.49292856454849243,-0.23232725262641907
4.304350137710571,-0.1533091962337494,0.09219392389059067,0.08067480474710464,-0.5046606063842773,-0.38328221440315247,-0.23232725262641907
4.320306777954102,-0.1533091962337494,0.09219392389059067,0.08067480474710464,-0.5046606063842773,-0.38328221440315247,-0.23232725262641907
4.33634352684021,-0.1533091962337494,0.09219392389059067,0.10125181078910828,-0.5046606063842773,-0.38328221440315247,-0.23232725262641907
4.352246522903442,-0.1533091962337494,0.049190960824489594,0.10125181078910828,-0.5046606063842773,-0.38328221440315247,-0.43280917406082153
4.3684093952178955,-0.28685125708580017,0.049190960824489594,0.10125181078910828,-0.5046606063842773,-0.38328221440315247,-0.43280917406082153
4.384296417236328,-0.28685125708580017,0.049190960824489594,0.10125181078910828,-0.5046606063842773,-0.38328221440315247,-0.43280917406082153
4.400371789932251,-0.28685125708580017,0.049190960824489594,0.10125181078910828,-0.5046606063842773,-0.3795185387134552,-0.43280917406082153
4.416340351104736,-0.28685125708580017,0.049190960824489594,0.10125181078910828,-0.5225977301597595,-0.3795185387134552,-0.43280917406082153
4.432363748550415,-0.28685125708580017,0.049190960824489594,0.136325404047966,-0.5225977301597595,-0.3795185387134552,-0.43280917406082153
4.448430061340332,-0.28685125708580017,0.09653112292289734,0.136325404047966,-0.5225977301597595,-0.3795185387134552,-0.43280917406082153
4.464242458343506,-0.28685125708580017,0.09653112292289734,0.136325404047966,-0.5225977301597595,-0.3795185387134552,-0.11003454029560089
4.480296850204468,0.07052472978830338,0.09653112292289734,0.136325404047966,-0.5225977301597595,-0.3795185387134552,-0.11003454029560089
4.496331214904785,0.07052472978830338,0.09653112292289734,0.136325404047966,-0.5225977301597595,-0.3795185387134552,-0.11003454029560089
4.512416124343872,0.07052472978830338,0.09653112292289734,0.136325404047966,-0.6862554550170898,-0.5601583123207092,-0.11003454029560089
4.528235912322998,0.07052472978830338,0.09653112292289734,0.136325404047966,-0.6862554550170898,-0.5601583123207092,-0.11003454029560089
4.544288396835327,0.07052472978830338,0.1635037660598755,0.14961721003055573,-0.6862554550170898,-0.5601583123207092,-0.11003454029560089
4.560380697250366,0.07052472978830338,0.1635037660598755,0.14961721003055573,-0.6862554550170898,-0.5601583123207092,0.24807122349739075
4.5761802196502686,0.40180402994155884,0.1635037660598755,0.14961721003055573,-0.6862554550170898,-0.5601583123207092,0.24807122349739075
4.592315435409546,0.40180402994155884,0.1635037660598755,0.14961721003055573,-0.6862554550170898,-0.5601583123207092,0.24807122349739075
4.608193635940552,0.40180402994155884,0.1635037660598755,0.14961721003055573,-0.6862554550170898,-0.6080867648124695,0.24807122349739075
4.6242311000823975,0.40180402994155884,0.1635037660598755,0.14961721003055573,-0.6552166938781738,-0.6080867648124695,0.24807122349739075
4.6403489112854,0.40180402994155884,0.1635037660598755,0.11759760230779648,-0.6552166938781738,-0.6080867648124695,0.24807122349739075
4.6563568115234375,0.40180402994155884,0.14910279214382172,0.11759760230779648,-0.6552166938781738,-0.6080867648124695,0.24807122349739075
4.672230005264282,0.40180402994155884,0.14910279214382172,0.11759760230779648,-0.6552166938781738,-0.6080867648124695,0.2884523272514343
4.688260078430176,0.4185641407966614,0.14910279214382172,0.11759760230779648,-0.6552166938781738,-0.6080867648124695,0.2884523272514343
4.704388380050659,0.4185641407966614,0.14910279214382172,0.11759760230779648,-0.6552166938781738,-0.6080867648124695,0.2884523272514343
4.720176696777344,0.4185641407966614,0.14910279214382172,0.11759760230779648,-0.567695140838623,-0.5432738065719604,0.2884523272514343
4.736315965652466,0.4185641407966614,0.14910279214382172,0.08475539833307266,-0.567695140838623,-0.5432738065719604,0.2884523272514343
4.7523767948150635,0.4185641407966614,0.13385792076587677,0.08475539833307266,-0.567695140838623,-0.5432738065719604,0.2884523272514343
4.768173694610596,0.4185641407966614,0.13385792076587677,0.08475539833307266,-0.567695140838623,-0.5432738065719604,0.08861193060874939
4.784430503845215,0.20806753635406494,0.13385792076587677,0.08475539833307266,-0.567695140838623,-0.5432738065719604,0.08861193060874939
4.800371408462524,0.20806753635406494,0.13385792076587677,0.08475539833307266,-0.567695140838623,-0.5432738065719604,0.08861193060874939
4.81640625,0.20806753635406494,0.13385792076587677,0.08475539833307266,-0.567695140838623,-0.4971938729286194,0.08861193060874939
4.832364797592163,0.20806753635406494,0.13385792076587677,0.08475539833307266,-0.6300208568572998,-0.4971938729286194,0.08861193060874939
4.848397254943848,0.20806753635406494,0.13385792076587677,0.08155500143766403,-0.6300208568572998,-0.4971938729286194,0.08861193060874939
4.864258766174316,0.20806753635406494,0.10061856359243393,0.08155500143766403,-0.6300208568572998,-0.4971938729286194,0.08861193060874939
4.880331516265869,0.20806753635406494,0.10061856359243393,0.08155500143766403,-0.6300208568572998,-0.4971938729286194,-0.20495276153087616
4.896406412124634,-0.11562656611204147,0.10061856359243393,0.08155500143766403,-0.6300208568572998,-0.4971938729286194,-0.20495276153087616
4.912428617477417,-0.11562656611204147,0.10061856359243393,0.08155500143766403,-0.6300208568572998,-0.4971938729286194,-0.20495276153087616
4.928253650665283,-0.11562656611204147,0.10061856359243393,0.08155500143766403,-0.5164350867271423,-0.38113561272621155,-0.20495276153087616
4.944380283355713,-0.11562656611204147,0.10061856359243393,0.09155520796775818,-0.5164350867271423,-0.38113561272621155,-0.20495276153087616
4.9604551792144775,-0.11562656611204147,0.057088643312454224,0.09155520796775818,-0.5164350867271423,-0.38113561272621155,-0.20495276153087616
4.976208686828613,-0.11562656611204147,0.057088643312454224,0.09155520796775818,-0.5164350867271423,-0.38113561272621155,-0.43774333596229553
4.99231219291687,-0.3006783425807953,0.057088643312454224,0.09155520796775818,-0.5164350867271423,-0.38113561272621155,-0.43774333596229553
5.008159399032593,-0.3006783425807953,0.057088643312454224,0.09155520796775818,-0.5164350867271423,-0.38113561272621155,-0.43774333596229553
5.02418851852417,-0.3006783425807953,0.057088643312454224,0.09155520796775818,-0.5164350867271423,-0.3712301552295685,-0.43774333596229553
5.040223836898804,-0.3006783425807953,0.057088643312454224,0.09155520796775818,-0.5160703063011169,-0.3712301552295685,-0.43774333596229553
5.05640721321106,-0.3006783425807953,0.057088643312454224,0.13212840259075165,-0.5160703063011169,-0.3712301552295685,-0.43774333596229553
5.072166204452515,-0.3006783425807953,0.08901984244585037,0.13212840259075165,-0.5160703063011169,-0.3712301552295685,-0.43774333596229553
5.088227272033691,-0.3006783425807953,0.08901984244585037,0.13212840259075165,-0.5160703063011169,-0.3712301552295685,-0.1308671087026596
5.104187488555908,0.03816722705960274,0.08901984244585037,0.13212840259075165,-0.5160703063011169,-0.3712301552295685,-0.1308671087026596
5.120199203491211,0.03816722705960274,0.08901984244585037,0.13212840259075165,-0.5160703063011169,-0.3712301552295685,-0.1308671087026596
5.136229038238525,0.03816722705960274,0.08901984244585037,0.13212840259075165,-0.6820602416992188,-0.5562692284584045,-0.1308671087026596
5.152418375015259,0.03816722705960274,0.08901984244585037,0.1478952020406723,-0.6820602416992188,-0.5562692284584045,-0.1308671087026596
5.168365240097046,0.03816722705960274,0.1607871949672699,0.1478952020406723,-0.6820602416992188,-0.5562692284584045,-0.1308671087026596
5.1843671798706055,0.03816722705960274,0.1607871949672699,0.1478952020406723,-0.6820602416992188,-0.5562692284584045,0.23180553317070007
5.200209379196167,0.38208767771720886,0.1607871949672699,0.1478952020406723,-0.6820602416992188,-0.5562692284584045,0.23180553317070007
5.216247320175171,0.38208767771720886,0.1607871949672699,0.1478952020406723,-0.6820602416992188,-0.5562692284584045,0.23180553317070007
5.232372760772705,0.38208767771720886,0.1607871949672699,0.1478952020406723,-0.6820602416992188,-0.6096622943878174,0.23180553317070007
5.248379468917847,0.38208767771720886,0.1607871949672699,0.1478952020406723,-0.6609120965003967,-0.6096622943878174,0.23180553317070007
5.264400959014893,0.38208767771720886,0.1607871949672699,0.12404700368642807,-0.6609120965003967,-0.6096622943878174,0.23180553317070007
5.280340194702148,0.38208767771720886,0.15422792732715607,0.12404700368642807,-0.6609120965003967,-0.6096622943878174,0.23180553317070007
5.296344518661499,0.38208767771720886,0.15422792732715607,0.12404700368642807,-0.6609120965003967,-0.6096622943878174,0.303722083568573
5.312219619750977,0.4354386329650879,0.15422792732715607,0.12404700368642807,-0.6609120965003967,-0.6096622943878174,0.303722083568573
5.328361988067627,0.4354386329650879,0.15422792732715607,0.12404700368642807,-0.6609120965003967,-0.6096622943878174,0.303722083568573
5.344400405883789,0.4354386329650879,0.15422792732715607,0.12404700368642807,-0.5653573870658875,-0.5461175441741943,0.303722083568573
5.360162734985352,0.4354386329650879,0.15422792732715607,0.08606460690498352,-0.5653573870658875,-0.5461175441741943,0.303722083568573
5.3761820793151855,0.4354386329650879,0.13604024052619934,0.08606460690498352,-0.5653573870658875,-0.5461175441741943,0.303722083568573
5.392359972000122,0.4354386329650879,0.13604024052619934,0.08606460690498352,-0.5653573870658875,-0.5461175441741943,0.11813768744468689
5.408401727676392,0.23995289206504822,0.13604024052619934,0.08606460690498352,-0.5653573870658875,-0.5461175441741943,0.11813768744468689
5.424420595169067,0.23995289206504822,0.13604024052619934,0.08606460690498352,-0.5653573870658875,-0.5461175441741943,0.11813768744468689
5.44036340713501,0.23995289206504822,0.13604024052619934,0.08606460690498352,-0.5653573870658875,-0.5011183023452759,0.11813768744468689
5.456336259841919,0.23995289206504822,0.13604024052619934,0.08606460690498352,-0.6375718712806702,-0.5011183023452759,0.11813768744468689
5.472222805023193,0.23995289206504822,0.13604024052619934,0.08487540483474731,-0.6375718712806702,-0.5011183023452759,0.11813768744468689
5.488319158554077,0.23995289206504822,0.10833032429218292,0.08487540483474731,-0.6375718712806702,-0.5011183023452759,-0.16701795160770416
5.504435062408447,-0.06741281598806381,0.10833032429218292,0.08487540483474731,-0.6375718712806702,-0.5011183023452759,-0.16701795160770416
5.520465612411499,-0.06741281598806381,0.10833032429218292,0.08487540483474731,-0.6375718712806702,-0.5011183023452759,-0.16701795160770416
5.536388158798218,-0.06741281598806381,0.10833032429218292,0.08487540483474731,-0.6375718712806702,-0.5011183023452759,-0.16701795160770416
5.552243232727051,-0.06741281598806381,0.10833032429218292,0.08487540483474731,-0.5208606123924255,-0.3961932957172394,-0.16701795160770416
5.568426609039307,-0.06741281598806381,0.10833032429218292,0.08982780575752258,-0.5208606123924255,-0.3961932957172394,-0.16701795160770416
5.58418083190918,-0.06741281598806381,0.05388544127345085,0.08982780575752258,-0.5208606123924255,-0.3961932957172394,-0.16701795160770416
5.600290060043335,-0.06741281598806381,0.05388544127345085,0.08982780575752258,-0.5208606123924255,-0.3961932957172394,-0.4489511549472809
5.616369724273682,-0.32409441471099854,0.05388544127345085,0.08982780575752258,-0.5208606123924255,-0.3961932957172394,-0.4489511549472809
5.6324121952056885,-0.32409441471099854,0.05388544127345085,0.08982780575752258,-0.5208606123924255,-0.3961932957172394,-0.4489511549472809
5.648330450057983,-0.32409441471099854,0.05388544127345085,0.08982780575752258,-0.5208606123924255,-0.35658401250839233,-0.4489511549472809
5.664433002471924,-0.32409441471099854,0.05388544127345085,0.12691380083560944,-0.500805675983429,-0.35658401250839233,-0.4489511549472809
5.680374383926392,-0.32409441471099854,0.07853440195322037,0.12691380083560944,-0.500805675983429,-0.35658401250839233,-0.4489511549472809
5.696325302124023,-0.32409441471099854,0.07853440195322037,0.12691380083560944,-0.500805675983429,-0.35658401250839233,-0.4489511549472809
5.712385892868042,-0.018198028206825256,0.07853440195322037,0.12691380083560944,-0.500805675983429,-0.35658401250839233,-0.18113137781620026
5.728205442428589,-0.018198028206825256,0.07853440195322037,0.12691380083560944,-0.500805675983429,-0.35658401250839233,-0.18113137781620026
5.744450092315674,-0.018198028206825256,0.07853440195322037,0.12691380083560944,-0.500805675983429,-0.35658401250839233,-0.18113137781620026
5.760297775268555,-0.018198028206825256,0.07853440195322037,0.12691380083560944,-0.6699661612510681,-0.5368521809577942,-0.18113137781620026
5.776259660720825,-0.018198028206825256,0.07853440195322037,0.14910779893398285,-0.6699661612510681,-0.5368521809577942,-0.18113137781620026
5.792248964309692,-0.018198028206825256,0.1485915184020996,0.14910779893398285,-0.6699661612510681,-0.5368521809577942,-0.18113137781620026
5.80844259262085,-0.018198028206825256,0.1485915184020996,0.14910779893398285,-0.6699661612510681,-0.5368521809577942,0.19765251874923706
5.824456453323364,0.33832743763923645,0.1485915184020996,0.14910779893398285,-0.6699661612510681,-0.5368521809577942,0.19765251874923706
5.840327739715576,0.33832743763923645,0.1485915184020996,0.14910779893398285,-0.6699661612510681,-0.5368521809577942,0.19765251874923706
5.856296539306641,0.33832743763923645,0.1485915184020996,0.14910779893398285,-0.6699661612510681,-0.6155731678009033,0.19765251874923706
5.872423410415649,0.33832743763923645,0.1485915184020996,0.13412879407405853,-0.6806060671806335,-0.6155731678009033,0.19765251874923706
5.888212442398071,0.33832743763923645,0.16174425184726715,0.13412879407405853,-0.6806060671806335,-0.6155731678009033,0.19765251874923706
5.904458522796631,0.33832743763923645,0.16174425184726715,0.13412879407405853,-0.6806060671806335,-0.6155731678009033,0.3119806945323944
5.9203572273254395,0.4485398530960083,0.16174425184726715,0.13412879407405853,-0.6806060671806335,-0.6155731678009033,0.3119806945323944
5.936408758163452,0.4485398530960083,0.16174425184726715,0.13412879407405853,-0.6806060671806335,-0.6155731678009033,0.3119806945323944
5.952449798583984,0.4485398530960083,0.16174425184726715,0.13412879407405853,-0.6806060671806335,-0.6155731678009033,0.3119806945323944
5.968502044677734,0.4485398530960083,0.16174425184726715,0.13412879407405853,-0.5633288621902466,-0.5492622256278992,0.3119806945323944
5.984457731246948,0.4485398530960083,0.16174425184726715,0.08699280768632889,-0.5633288621902466,-0.5492622256278992,0.3119806945323944
6.000313997268677,0.4485398530960083,0.13374535739421844,0.08699280768632889,-0.5633288621902466,-0.5492622256278992,0.3119806945323944
6.016467809677124,0.4485398530960083,0.13374535739421844,0.08699280768632889,-0.5633288621902466,-0.5492622256278992,0.13530132174491882
6.03236722946167,0.27096492052078247,0.13374535739421844,0.08699280768632889,-0.5633288621902466,-0.5492622256278992,0.13530132174491882
6.048255443572998,0.27096492052078247,0.13374535739421844,0.08699280768632889,-0.5633288621902466,-0.5492622256278992,0.13530132174491882
6.064471483230591,0.27096492052078247,0.13374535739421844,0.08699280768632889,-0.5633288621902466,-0.5109667778015137,0.13530132174491882
6.080245494842529,0.27096492052078247,0.13374535739421844,0.08533620089292526,-0.6347876787185669,-0.5109667778015137,0.13530132174491882
6.096168756484985,0.27096492052078247,0.11436208337545395,0.08533620089292526,-0.6347876787185669,-0.5109667778015137,0.13530132174491882
6.112314224243164,0.27096492052078247,0.11436208337545395,0.08533620089292526,-0.6347876787185669,-0.5109667778015137,-0.14353711903095245
6.128250360488892,-0.02517176978290081,0.11436208337545395,0.08533620089292526,-0.6347876787185669,-0.5109667778015137,-0.14353711903095245
6.144371271133423,-0.02517176978290081,0.11436208337545395,0.08533620089292526,-0.6347876787185669,-0.5109667778015137,-0.14353711903095245
6.160278081893921,-0.02517176978290081,0.11436208337545395,0.08533620089292526,-0.6347876787185669,-0.5109667778015137,-0.14353711903095245
6.1761980056762695,-0.02517176978290081,0.11436208337545395,0.08533620089292526,-0.5351720452308655,-0.40080174803733826,-0.14353711903095245
6.192556858062744,-0.02517176978290081,0.11436208337545395,0.08522100001573563,-0.5351720452308655,-0.40080174803733826,-0.14353711903095245
6.2083940505981445,-0.02517176978290081,0.05783512070775032,0.08522100001573563,-0.5351720452308655,-0.40080174803733826,-0.14353711903095245
6.224440097808838,-0.02517176978290081,0.05783512070775032,0.08522100001573563,-0.5351720452308655,-0.40080174803733826,-0.4407370984554291
6.240533351898193,-0.3206023871898651,0.05783512070775032,0.08522100001573563,-0.5351720452308655,-0.40080174803733826,-0.4407370984554291
6.256336688995361,-0.3206023871898651,0.05783512070775032,0.08522100001573563,-0.5351720452308655,-0.40080174803733826,-0.4407370984554291
6.272393465042114,-0.3206023871898651,0.05783512070775032,0.08522100001573563,-0.5351720452308655,-0.35623058676719666,-0.4407370984554291
6.288137435913086,-0.3206023871898651,0.05783512070775032,0.12353220582008362,-0.49325746297836304,-0.35623058676719666,-0.4407370984554291
6.3041181564331055,-0.3206023871898651,0.07104440033435822,0.12353220582008362,-0.49325746297836304,-0.35623058676719666,-0.4407370984554291
6.320329427719116,-0.3206023871898651,0.07104440033435822,0.12353220582008362,-0.49325746297836304,-0.35623058676719666,-0.21028193831443787
6.336434602737427,-0.05509718880057335,0.07104440033435822,0.12353220582008362,-0.49325746297836304,-0.35623058676719666,-0.21028193831443787
6.352362871170044,-0.05509718880057335,0.07104440033435822,0.12353220582008362,-0.49325746297836304,-0.35623058676719666,-0.21028193831443787
6.3684351444244385,-0.05509718880057335,0.07104440033435822,0.12353220582008362,-0.49325746297836304,-0.35623058676719666,-0.21028193831443787
6.384464979171753,-0.05509718880057335,0.07104440033435822,0.12353220582008362,-0.6655952334403992,-0.5257804989814758,-0.21028193831443787
6.400185823440552,-0.05509718880057335,0.07104440033435822,0.1454964131116867,-0.6655952334403992,-0.5257804989814758,-0.21028193831443787
6.416216850280762,-0.05509718880057335,0.14261911809444427,0.1454964131116867,-0.6655952334403992,-0.5257804989814758,-0.21028193831443787
6.432358980178833,-0.05509718880057335,0.14261911809444427,0.1454964131116867,-0.6655952334403992,-0.5257804989814758,0.17988398671150208
6.448217868804932,0.31042858958244324,0.14261911809444427,0.1454964131116867,-0.6655952334403992,-0.5257804989814758,0.17988398671150208
6.464214563369751,0.31042858958244324,0.14261911809444427,0.1454964131116867,-0.6655952334403992,-0.5257804989814758,0.17988398671150208
6.480217695236206,0.31042858958244324,0.14261911809444427,0.1454964131116867,-0.6655952334403992,-0.6148253083229065,0.17988398671150208
6.4962592124938965,0.31042858958244324,0.14261911809444427,0.13920660316944122,-0.6882153153419495,-0.6148253083229065,0.17988398671150208
6.512310743331909,0.31042858958244324,0.1613432765007019,0.13920660316944122,-0.6882153153419495,-0.6148253083229065,0.17988398671150208
6.528446912765503,0.31042858958244324,0.1613432765007019,0.13920660316944122,-0.6882153153419495,-0.6148253083229065,0.3135686218738556
6.544341325759888,0.45173561573028564,0.1613432765007019,0.13920660316944122,-0.6882153153419495,-0.6148253083229065,0.3135686218738556
6.560573577880859,0.45173561573028564,0.1613432765007019,0.13920660316944122,-0.6882153153419495,-0.6148253083229065,0.3135686218738556
6.576422691345215,0.45173561573028564,0.1613432765007019,0.13920660316944122,-0.6882153153419495,-0.6148253083229065,0.3135686218738556
6.592304229736328,0.45173561573028564,0.1613432765007019,0.08756040036678314,-0.5585808753967285,-0.5511295795440674,0.3135686218738556
6.608375072479248,0.45173561573028564,0.13211968541145325,0.08756040036678314,-0.5585808753967285,-0.5511295795440674,0.3135686218738556
6.624428033828735,0.45173561573028564,0.13211968541145325,0.08756040036678314,-0.5585808753967285,-0.5511295795440674,0.3135686218738556
6.640297174453735,0.45173561573028564,0.13211968541145325,0.08756040036678314,-0.5585808753967285,-0.5511295795440674,0.1464635580778122
6.656365871429443,0.29065245389938354,0.13211968541145325,0.08756040036678314,-0.5585808753967285,-0.5511295795440674,0.1464635580778122
6.672333478927612,0.29065245389938354,0.13211968541145325,0.08756040036678314,-0.5585808753967285,-0.5511295795440674,0.1464635580778122
6.688317537307739,0.29065245389938354,0.13211968541145325,0.08756040036678314,-0.5585808753967285,-0.514849066734314,0.1464635580778122
6.70454478263855,0.29065245389938354,0.13211968541145325,0.08444280177354813,-0.6304664015769958,-0.514849066734314,0.1464635580778122
6.720331907272339,0.29065245389938354,0.1187194436788559,0.08444280177354813,-0.6304664015769958,-0.514849066734314,0.1464635580778122
6.736581325531006,0.29065245389938354,0.1187194436788559,0.08444280177354813,-0.6304664015769958,-0.514849066734314,-0.12235310673713684
6.752392292022705,0.008253850042819977,0.1187194436788559,0.08444280177354813,-0.6304664015769958,-0.514849066734314,-0.12235310673713684
6.768371820449829,0.008253850042819977,0.1187194436788559,0.08444280177354813,-0.6304664015769958,-0.514849066734314,-0.12235310673713684
6.784442186355591,0.008253850042819977,0.1187194436788559,0.08444280177354813,-0.6304664015769958,-0.514849066734314,-0.12235310673713684
6.8002495765686035,0.008253850042819977,0.1187194436788559,0.08301720768213272,-0.53897625207901,-0.412964403629303,-0.12235310673713684
6.816320180892944,0.008253850042819977,0.06093247979879379,0.08301720768213272,-0.53897625207901,-0.412964403629303,-0.12235310673713684
6.83234977722168,0.008253850042819977,0.06093247979879379,0.08301720768213272,-0.53897625207901,-0.412964403629303,-0.12235310673713684
6.8483593463897705,0.008253850042819977,0.06093247979879379,0.08301720768213272,-0.53897625207901,-0.412964403629303,-0.43061038851737976
6.864342212677002,-0.314042329788208,0.06093247979879379,0.08301720768213272,-0.53897625207901,-0.412964403629303,-0.43061038851737976
6.880374908447266,-0.314042329788208,0.06093247979879379,0.08301720768213272,-0.53897625207901,-0.412964403629303,-0.43061038851737976
6.8962390422821045,-0.314042329788208,0.06093247979879379,0.08301720768213272,-0.53897625207901,-0.34623393416404724,-0.43061038851737976
6.912431240081787,-0.314042329788208,0.06093247979879379,0.11776440590620041,-0.4907486140727997,-0.34623393416404724,-0.43061038851737976
6.928245306015015,-0.314042329788208,0.06855463981628418,0.11776440590620041,-0.4907486140727997,-0.34623393416404724,-0.43061038851737976
6.944365501403809,-0.314042329788208,0.06855463981628418,0.11776440590620041,-0.4907486140727997,-0.34623393416404724,-0.24220845103263855
6.960245609283447,-0.09850139170885086,0.06855463981628418,0.11776440590620041,-0.4907486140727997,-0.34623393416404724,-0.24220845103263855
6.976222515106201,-0.09850139170885086,0.06855463981628418,0.11776440590620041,-0.4907486140727997,-0.34623393416404724,-0.24220845103263855
6.992374897003174,-0.09850139170885086,0.06855463981628418,0.11776440590620041,-0.4907486140727997,-0.34623393416404724,-0.24220845103263855
7.0083208084106445,-0.09850139170885086,0.06855463981628418,0.14452199637889862,-0.6536590456962585,-0.5121603608131409,-0.24220845103263855
7.024210453033447,-0.09850139170885086,0.1326998472213745,0.14452199637889862,-0.6536590456962585,-0.5121603608131409,-0.24220845103263855
7.040414571762085,-0.09850139170885086,0.1326998472213745,0.14452199637889862,-0.6536590456962585,-0.5121603608131409,-0.24220845103263855
7.056348562240601,0.2759619355201721,0.1326998472213745,0.14452199637889862,-0.6536590456962585,-0.5121603608131409,0.15575669705867767
7.07234263420105,0.2759619355201721,0.1326998472213745,0.14452199637889862,-0.6536590456962585,-0.5121603608131409,0.15575669705867767
7.088178873062134,0.2759619355201721,0.1326998472213745,0.14452199637889862,-0.6536590456962585,-0.5121603608131409,0.15575669705867767
7.104230880737305,0.2759619355201721,0.1326998472213745,0.14452199637889862,-0.6536590456962585,-0.5121603608131409,0.15575669705867767
7.120318174362183,0.2759619355201721,0.1326998472213745,0.14362679421901703,-0.6905080080032349,-0.6207984089851379,0.15575669705867767
7.13639760017395,0.2759619355201721,0.16753073036670685,0.14362679421901703,-0.6905080080032349,-0.6207984089851379,0.15575669705867767
7.152196168899536,0.2759619355201721,0.16753073036670685,0.14362679421901703,-0.6905080080032349,-0.6207984089851379,0.31886810064315796
7.168291807174683,0.45464029908180237,0.16753073036670685,0.14362679421901703,-0.6905080080032349,-0.6207984089851379,0.31886810064315796
7.184563636779785,0.45464029908180237,0.16753073036670685,0.14362679421901703,-0.6905080080032349,-0.6207984089851379,0.31886810064315796
7.2002599239349365,0.45464029908180237,0.16753073036670685,0.14362679421901703,-0.6905080080032349,-0.6207984089851379,0.31886810064315796
7.216455698013306,0.45464029908180237,0.16753073036670685,0.08861520141363144,-0.5592905879020691,-0.5501953363418579,0.31886810064315796
7.232316970825195,0.45464029908180237,0.13693736493587494,0.08861520141363144,-0.5592905879020691,-0.5501953363418579,0.31886810064315796
7.248401165008545,0.45464029908180237,0.13693736493587494,0.08861520141363144,-0.5592905879020691,-0.5501953363418579,0.31886810064315796
7.264384508132935,0.3130030333995819,0.13693736493587494,0.08861520141363144,-0.5592905879020691,-0.5501953363418579,0.16340146958827972
7.280465364456177,0.3130030333995819,0.13693736493587494,0.08861520141363144,-0.5592905879020691,-0.5501953363418579,0.16340146958827972
7.296248435974121,0.3130030333995819,0.13693736493587494,0.08861520141363144,-0.5592905879020691,-0.5501953363418579,0.16340146958827972
7.3124449253082275,0.3130030333995819,0.13693736493587494,0.08861520141363144,-0.5592905879020691,-0.5501953363418579,0.16340146958827972
7.328320503234863,0.3130030333995819,0.13693736493587494,0.08725079894065857,-0.6277188062667847,-0.5191428661346436,0.16340146958827972
7.3442535400390625,0.3130030333995819,0.12387256324291229,0.08725079894065857,-0.6277188062667847,-0.5191428661346436,0.16340146958827972
7.360424995422363,0.3130030333995819,0.12387256324291229,0.08725079894065857,-0.6277188062667847,-0.5191428661346436,-0.09244916588068008
7.3765013217926025,0.04484684765338898,0.12387256324291229,0.08725079894065857,-0.6277188062667847,-0.5191428661346436,-0.09244916588068008
7.39233922958374,0.04484684765338898,0.12387256324291229,0.08725079894065857,-0.6277188062667847,-0.5191428661346436,-0.09244916588068008
7.40833306312561,0.04484684765338898,0.12387256324291229,0.08725079894065857,-0.6277188062667847,-0.5191428661346436,-0.09244916588068008
7.4243059158325195,0.04484684765338898,0.12387256324291229,0.08010540157556534,-0.5569593906402588,-0.4138821065425873,-0.09244916588068008
7.440027952194214,0.04484684765338898,0.07154224067926407,0.08010540157556534,-0.5569593906402588,-0.4138821065425873,-0.09244916588068008
7.45618748664856,0.04484684765338898,0.07154224067926407,0.08010540157556534,-0.5569593906402588,-0.4138821065425873,-0.09244916588068008
7.4720330238342285,-0.29249587655067444,0.07154224067926407,0.08010540157556534,-0.5569593906402588,-0.4138821065425873,-0.41216570138931274
7.488199472427368,-0.29249587655067444,0.07154224067926407,0.08010540157556534,-0.5569593906402588,-0.4138821065425873,-0.41216570138931274
7.5041892528533936,-0.29249587655067444,0.07154224067926407,0.08010540157556534,-0.5569593906402588,-0.4138821065425873,-0.41216570138931274
7.520173072814941,-0.29249587655067444,0.07154224067926407,0.08010540157556534,-0.5569593906402588,-0.4138821065425873,-0.41216570138931274
7.536203861236572,-0.29249587655067444,0.06458256393671036,0.1139238029718399,-0.4862460196018219,-0.3494202494621277,-0.41216570138931274
7.552127361297607,-0.29249587655067444,0.06458256393671036,0.1139238029718399,-0.4862460196018219,-0.3494202494621277,-0.41216570138931274
7.568402290344238,-0.29249587655067444,0.06458256393671036,0.1139238029718399,-0.4862460196018219,-0.3494202494621277,-0.26719605922698975
7.584173202514648,-0.13284161686897278,0.06458256393671036,0.1139238029718399,-0.4862460196018219,-0.3494202494621277,-0.26719605922698975
7.600372552871704,-0.13284161686897278,0.06458256393671036,0.1139238029718399,-0.4862460196018219,-0.3494202494621277,-0.26719605922698975
7.616469383239746,-0.13284161686897278,0.06458256393671036,0.1139238029718399,-0.4862460196018219,-0.3494202494621277,-0.26719605922698975
7.632348537445068,-0.13284161686897278,0.06458256393671036,0.14289359748363495,-0.6466006636619568,-0.5066820979118347,-0.26719605922698975
7.648408889770508,-0.13284161686897278,0.12879496812820435,0.14289359748363495,-0.6466006636619568,-0.5066820979118347,-0.26719605922698975
7.664471387863159,-0.13284161686897278,0.12879496812820435,0.14289359748363495,-0.6466006636619568,-0.5066820979118347,-0.26719605922698975
7.680447101593018,0.2482566237449646,0.12879496812820435,0.14289359748363495,-0.6466006636619568,-0.5066820979118347,0.12799908220767975
7.696162939071655,0.2482566237449646,0.12879496812820435,0.14289359748363495,-0.6466006636619568,-0.5066820979118347,0.12799908220767975
7.712152719497681,0.2482566237449646,0.12879496812820435,0.14289359748363495,-0.6466006636619568,-0.5066820979118347,0.12799908220767975
7.728039503097534,0.2482566237449646,0.12879496812820435,0.14541959762573242,-0.6466006636619568,-0.5066820979118347,0.12799908220767975
7.744338512420654,0.2482566237449646,0.16923144459724426,0.14541959762573242,-0.6965522170066833,-0.6212235689163208,0.12799908220767975
7.760217189788818,0.2482566237449646,0.16923144459724426,0.14541959762573242,-0.6965522170066833,-0.6212235689163208,0.12799908220767975
7.776225566864014,0.2482566237449646,0.16923144459724426,0.14541959762573242,-0.6965522170066833,-0.6212235689163208,0.3170187771320343
7.792319297790527,0.4544515013694763,0.16923144459724426,0.14541959762573242,-0.6965522170066833,-0.6212235689163208,0.3170187771320343
7.80846643447876,0.4544515013694763,0.16923144459724426,0.14541959762573242,-0.6965522170066833,-0.6212235689163208,0.3170187771320343
7.824390172958374,0.4544515013694763,0.16923144459724426,0.14541959762573242,-0.6965522170066833,-0.6212235689163208,0.3170187771320343
7.840304136276245,0.4544515013694763,0.16923144459724426,0.09222180396318436,-0.5568578243255615,-0.5583548545837402,0.3170187771320343
7.856293439865112,0.4544515013694763,0.13464976847171783,0.09222180396318436,-0.5568578243255615,-0.5583548545837402,0.3170187771320343
7.872377395629883,0.4544515013694763,0.13464976847171783,0.09222180396318436,-0.5568578243255615,-0.5583548545837402,0.3170187771320343
7.888177394866943,0.3228469789028168,0.13464976847171783,0.09222180396318436,-0.5568578243255615,-0.5583548545837402,0.17102248966693878
7.904395580291748,0.3228469789028168,0.13464976847171783,0.09222180396318436,-0.5568578243255615,-0.5583548545837402,0.17102248966693878
7.920258522033691,0.3228469789028168,0.13464976847171783,0.09222180396318436,-0.5568578243255615,-0.5583548545837402,0.17102248966693878
7.936304330825806,0.3228469789028168,0.13464976847171783,0.08661240339279175,-0.5568578243255615,-0.5583548545837402,0.17102248966693878
7.952350378036499,0.3228469789028168,0.12469800561666489,0.08661240339279175,-0.6243639588356018,-0.5197938084602356,0.17102248966693878
7.968409061431885,0.3228469789028168,0.12469800561666489,0.08661240339279175,-0.6243639588356018,-0.5197938084602356,0.17102248966693878
7.984313726425171,0.3228469789028168,0.12469800561666489,0.08661240339279175,-0.6243639588356018,-0.5197938084602356,-0.07743483036756516
8.000333070755005,0.06739605218172073,0.12469800561666489,0.08661240339279175,-0.6243639588356018,-0.5197938084602356,-0.07743483036756516
8.016501188278198,0.06739605218172073,0.12469800561666489,0.08661240339279175,-0.6243639588356018,-0.5197938084602356,-0.07743483036756516
8.03235936164856,0.06739605218172073,0.12469800561666489,0.08661240339279175,-0.6243639588356018,-0.5197938084602356,-0.07743483036756516
8.048074722290039,0.06739605218172073,0.12469800561666489,0.07983480393886566,-0.5631210803985596,-0.4243980348110199,-0.07743483036756516
8.064121723175049,0.06739605218172073,0.0740213617682457,0.07983480393886566,-0.5631210803985596,-0.4243980348110199,-0.07743483036756516
8.080090045928955,0.06739605218172073,0.0740213617682457,0.07983480393886566,-0.5631210803985596,-0.4243980348110199,-0.07743483036756516
8.096054792404175,-0.2792045772075653,0.0740213617682457,0.07983480393886566,-0.5631210803985596,-0.4243980348110199,-0.40125587582588196
8.112056016921997,-0.2792045772075653,0.0740213617682457,0.07983480393886566,-0.5631210803985596,-0.4243980348110199,-0.40125587582588196
8.128075361251831,-0.2792045772075653,0.0740213617682457,0.07983480393886566,-0.5631210803985596,-0.4243980348110199,-0.40125587582588196
8.144100189208984,-0.2792045772075653,0.0740213617682457,0.10819080471992493,-0.5631210803985596,-0.4243980348110199,-0.40125587582588196
8.16024661064148,-0.2792045772075653,0.061407361179590225,0.10819080471992493,-0.4853783845901489,-0.33830127120018005,-0.40125587582588196
8.176372528076172,-0.2792045772075653,0.061407361179590225,0.10819080471992493,-0.4853783845901489,-0.33830127120018005,-0.40125587582588196
8.192262649536133,-0.2792045772075653,0.061407361179590225,0.10819080471992493,-0.4853783845901489,-0.33830127120018005,-0.2942260205745697
8.208258628845215,-0.17354628443717957,0.061407361179590225,0.10819080471992493,-0.4853783845901489,-0.33830127120018005,-0.2942260205745697
8.22435712814331,-0.17354628443717957,0.061407361179590225,0.10819080471992493,-0.4853783845901489,-0.33830127120018005,-0.2942260205745697
8.24053692817688,-0.17354628443717957,0.061407361179590225,0.10819080471992493,-0.4853783845901489,-0.33830127120018005,-0.2942260205745697
8.256476640701294,-0.17354628443717957,0.061407361179590225,0.14165520668029785,-0.6371573209762573,-0.495290070772171,-0.2942260205745697
8.272313833236694,-0.17354628443717957,0.11804463714361191,0.14165520668029785,-0.6371573209762573,-0.495290070772171,-0.2942260205745697
8.288428783416748,-0.17354628443717957,0.11804463714361191,0.14165520668029785,-0.6371573209762573,-0.495290070772171,-0.2942260205745697
8.304453611373901,0.21688726544380188,0.11804463714361191,0.14165520668029785,-0.6371573209762573,-0.495290070772171,0.11144726723432541
8.320482015609741,0.21688726544380188,0.11804463714361191,0.14165520668029785,-0.6371573209762573,-0.495290070772171,0.11144726723432541
8.336485624313354,0.21688726544380188,0.11804463714361191,0.14165520668029785,-0.6371573209762573,-0.495290070772171,0.11144726723432541
8.352439403533936,0.21688726544380188,0.11804463714361191,0.14906400442123413,-0.6371573209762573,-0.495290070772171,0.11144726723432541
8.36848521232605,0.21688726544380188,0.16957080364227295,0.14906400442123413,-0.699210524559021,-0.62297523021698,0.11144726723432541
8.384488105773926,0.21688726544380188,0.16957080364227295,0.14906400442123413,-0.699210524559021,-0.62297523021698,0.11144726723432541
8.400294065475464,0.21688726544380188,0.16957080364227295,0.14906400442123413,-0.699210524559021,-0.62297523021698,0.32363200187683105
8.416184663772583,0.4526923894882202,0.16957080364227295,0.14906400442123413,-0.699210524559021,-0.62297523021698,0.32363200187683105
8.432372570037842,0.4526923894882202,0.16957080364227295,0.14906400442123413,-0.699210524559021,-0.62297523021698,0.32363200187683105
8.448492527008057,0.4526923894882202,0.16957080364227295,0.14906400442123413,-0.699210524559021,-0.62297523021698,0.32363200187683105
8.464496850967407,0.4526923894882202,0.13745984435081482,0.09996060281991959,-0.5647501349449158,-0.5531485080718994,0.32363200187683105
8.480536699295044,0.4526923894882202,0.13745984435081482,0.09996060281991959,-0.5647501349449158,-0.5531485080718994,0.32363200187683105
8.496485233306885,0.4526923894882202,0.13745984435081482,0.09996060281991959,-0.5647501349449158,-0.5531485080718994,0.32363200187683105
8.512337923049927,0.3447082042694092,0.13745984435081482,0.09996060281991959,-0.5647501349449158,-0.5531485080718994,0.185030996799469
8.528421401977539,0.3447082042694092,0.13745984435081482,0.09996060281991959,-0.5647501349449158,-0.5531485080718994,0.185030996799469
8.54438591003418,0.3447082042694092,0.13745984435081482,0.09996060281991959,-0.5647501349449158,-0.5531485080718994,0.185030996799469
8.56051230430603,0.3447082042694092,0.13745984435081482,0.08547300845384598,-0.5647501349449158,-0.5531485080718994,0.185030996799469
8.576369762420654,0.3447082042694092,0.1299871951341629,0.08547300845384598,-0.62494957447052,-0.5164336562156677,0.185030996799469
8.59239149093628,0.3447082042694092,0.1299871951341629,0.08547300845384598,-0.62494957447052,-0.5164336562156677,0.185030996799469
8.608309745788574,0.10333802551031113,0.1299871951341629,0.08547300845384598,-0.62494957447052,-0.5164336562156677,-0.04907330870628357
8.624515533447266,0.10333802551031113,0.1299871951341629,0.08547300845384598,-0.62494957447052,-0.5164336562156677,-0.04907330870628357
8.640427112579346,0.10333802551031113,0.1299871951341629,0.08547300845384598,-0.62494957447052,-0.5164336562156677,-0.04907330870628357
8.656385898590088,0.10333802551031113,0.1299871951341629,0.08116920292377472,-0.62494957447052,-0.5164336562156677,-0.04907330870628357
8.67250680923462,0.10333802551031113,0.08075928688049316,0.08116920292377472,-0.5690722465515137,-0.4320257902145386,-0.04907330870628357
8.688437938690186,0.10333802551031113,0.08075928688049316,0.08116920292377472,-0.5690722465515137,-0.4320257902145386,-0.04907330870628357
8.704254150390625,0.10333802551031113,0.08075928688049316,0.08116920292377472,-0.5690722465515137,-0.4320257902145386,-0.04907330870628357
8.72026252746582,-0.25716879963874817,0.08075928688049316,0.08116920292377472,-0.5690722465515137,-0.4320257902145386,-0.3913232386112213
8.736407279968262,-0.25716879963874817,0.08075928688049316,0.08116920292377472,-0.5690722465515137,-0.4320257902145386,-0.3913232386112213
8.752348899841309,-0.25716879963874817,0.08075928688049316,0.08116920292377472,-0.5690722465515137,-0.4320257902145386,-0.3913232386112213
8.76837158203125,-0.25716879963874817,0.08075928688049316,0.10226640105247498,-0.5690722465515137,-0.4320257902145386,-0.3913232386112213
8.784333944320679,-0.25716879963874817,0.05841808393597603,0.10226640105247498,-0.47764691710472107,-0.33410319685935974,-0.3913232386112213
8.800345182418823,-0.25716879963874817,0.05841808393597603,0.10226640105247498,-0.47764691710472107,-0.33410319685935974,-0.3913232386112213
8.816486835479736,-0.20909695327281952,0.05841808393597603,0.10226640105247498,-0.47764691710472107,-0.33410319685935974,-0.3230617344379425
8.83250379562378,-0.20909695327281952,0.05841808393597603,0.10226640105247498,-0.47764691710472107,-0.33410319685935974,-0.3230617344379425
8.848581552505493,-0.20909695327281952,0.05841808393597603,0.10226640105247498,-0.47764691710472107,-0.33410319685935974,-0.3230617344379425
8.864468097686768,-0.20909695327281952,0.05841808393597603,0.1392246037721634,-0.47764691710472107,-0.33410319685935974,-0.3230617344379425
8.8805091381073,-0.20909695327281952,0.1096082478761673,0.1392246037721634,-0.6282969117164612,-0.4887920916080475,-0.3230617344379425
8.896526336669922,-0.20909695327281952,0.1096082478761673,0.1392246037721634,-0.6282969117164612,-0.4887920916080475,-0.3230617344379425
8.91244888305664,-0.20909695327281952,0.1096082478761673,0.1392246037721634,-0.6282969117164612,-0.4887920916080475,-0.3230617344379425
8.928399324417114,0.1897340565919876,0.1096082478761673,0.1392246037721634,-0.6282969117164612,-0.4887920916080475,0.08876340091228485
8.944348812103271,0.1897340565919876,0.1096082478761673,0.1392246037721634,-0.6282969117164612,-0.4887920916080475,0.08876340091228485
8.960530281066895,0.1897340565919876,0.1096082478761673,0.1392246037721634,-0.6282969117164612,-0.4887920916080475,0.08876340091228485
8.976496696472168,0.1897340565919876,0.1096082478761673,0.15133261680603027,-0.6282969117164612,-0.4887920916080475,0.08876340091228485
8.992401361465454,0.1897340565919876,0.16470719873905182,0.15133261680603027,-0.705931544303894,-0.6125818490982056,0.08876340091228485
9.008350610733032,0.1897340565919876,0.16470719873905182,0.15133261680603027,-0.705931544303894,-0.6125818490982056,0.08876340091228485
9.024500846862793,0.45039787888526917,0.16470719873905182,0.15133261680603027,-0.705931544303894,-0.6125818490982056,0.3221449851989746
9.04066514968872,0.45039787888526917,0.16470719873905182,0.15133261680603027,-0.705931544303894,-0.6125818490982056,0.3221449851989746
9.056395053863525,0.45039787888526917,0.16470719873905182,0.15133261680603027,-0.705931544303894,-0.6125818490982056,0.3221449851989746
9.072505474090576,0.45039787888526917,0.16470719873905182,0.10416959971189499,-0.705931544303894,-0.6125818490982056,0.3221449851989746
9.088414669036865,0.45039787888526917,0.1363997608423233,0.10416959971189499,-0.575099527835846,-0.5451086163520813,0.3221449851989746
9.10410475730896,0.45039787888526917,0.1363997608423233,0.10416959971189499,-0.575099527835846,-0.5451086163520813,0.3221449851989746
9.120229482650757,0.45039787888526917,0.1363997608423233,0.10416959971189499,-0.575099527835846,-0.5451086163520813,0.3221449851989746
9.136451005935669,0.357614666223526,0.1363997608423233,0.10416959971189499,-0.575099527835846,-0.5451086163520813,0.1950577050447464
9.152305841445923,0.357614666223526,0.1363997608423233,0.10416959971189499,-0.575099527835846,-0.5451086163520813,0.1950577050447464
9.168516159057617,0.357614666223526,0.1363997608423233,0.10416959971189499,-0.575099527835846,-0.5451086163520813,0.1950577050447464
9.18437933921814,0.357614666223526,0.1363997608423233,0.08732880651950836,-0.575099527835846,-0.5451086163520813,0.1950577050447464
9.200388193130493,0.357614666223526,0.12648272514343262,0.08732880651950836,-0.6201170682907104,-0.5224910378456116,0.1950577050447464
9.216514587402344,0.357614666223526,0.12648272514343262,0.08732880651950836,-0.6201170682907104,-0.5224910378456116,0.1950577050447464
9.23229432106018,0.11692215502262115,0.12648272514343262,0.08732880651950836,-0.6201170682907104,-0.5224910378456116,-0.04544594883918762
9.248558759689331,0.11692215502262115,0.12648272514343262,0.08732880651950836,-0.6201170682907104,-0.5224910378456116,-0.04544594883918762
9.264340162277222,0.11692215502262115,0.12648272514343262,0.08732880651950836,-0.6201170682907104,-0.5224910378456116,-0.04544594883918762
9.280586957931519,0.11692215502262115,0.12648272514343262,0.08146680146455765,-0.6201170682907104,-0.5224910378456116,-0.04544594883918762
9.296328783035278,0.11692215502262115,0.08227799832820892,0.08146680146455765,-0.5717859864234924,-0.4361462891101837,-0.04544594883918762
9.312464714050293,0.11692215502262115,0.08227799832820892,0.08146680146455765,-0.5717859864234924,-0.4361462891101837,-0.04544594883918762
9.32841682434082,0.11692215502262115,0.08227799832820892,0.08146680146455765,-0.5717859864234924,-0.4361462891101837,-0.04544594883918762
9.344363689422607,-0.23688913881778717,0.08227799832820892,0.08146680146455765,-0.5717859864234924,-0.4361462891101837,-0.37729689478874207
9.360233068466187,-0.23688913881778717,0.08227799832820892,0.08146680146455765,-0.5717859864234924,-0.4361462891101837,-0.37729689478874207
9.376634359359741,-0.23688913881778717,0.08227799832820892,0.08146680146455765,-0.5717859864234924,-0.4361462891101837,-0.37729689478874207
9.39241623878479,-0.23688913881778717,0.08227799832820892,0.10161660611629486,-0.5717859864234924,-0.4361462891101837,-0.37729689478874207
9.408424615859985,-0.23688913881778717,0.05271168053150177,0.10161660611629486,-0.47083282470703125,-0.3423602283000946,-0.37729689478874207
9.42463493347168,-0.23688913881778717,0.05271168053150177,0.10161660611629486,-0.47083282470703125,-0.3423602283000946,-0.37729689478874207
9.440444231033325,-0.2320370227098465,0.05271168053150177,0.10161660611629486,-0.47083282470703125,-0.3423602283000946,-0.33402204513549805
9.456256866455078,-0.2320370227098465,0.05271168053150177,0.10161660611629486,-0.47083282470703125,-0.3423602283000946,-0.33402204513549805
9.472240209579468,-0.2320370227098465,0.05271168053150177,0.10161660611629486,-0.47083282470703125,-0.3423602283000946,-0.33402204513549805
9.4883394241333,-0.2320370227098465,0.05271168053150177,0.13715760409832,-0.47083282470703125,-0.3423602283000946,-0.33402204513549805
9.504344940185547,-0.2320370227098465,0.10316768288612366,0.13715760409832,-0.6195257902145386,-0.48264461755752563,-0.33402204513549805
9.520358324050903,-0.2320370227098465,0.10316768288612366,0.13715760409832,-0.6195257902145386,-0.48264461755752563,-0.33402204513549805
9.536448955535889,-0.2320370227098465,0.10316768288612366,0.13715760409832,-0.6195257902145386,-0.48264461755752563,-0.33402204513549805
9.552504301071167,0.16067379713058472,0.10316768288612366,0.13715760409832,-0.6195257902145386,-0.48264461755752563,0.06974945962429047
9.568355083465576,0.16067379713058472,0.10316768288612366,0.13715760409832,-0.6195257902145386,-0.48264461755752563,0.06974945962429047
9.584505558013916,0.16067379713058472,0.10316768288612366,0.14968259632587433,-0.6195257902145386,-0.48264461755752563,0.06974945962429047
9.600499391555786,0.16067379713058472,0.16625167429447174,0.14968259632587433,-0.6195257902145386,-0.48264461755752563,0.06974945962429047
9.61645793914795,0.16067379713058472,0.16625167429447174,0.14968259632587433,-0.7065152525901794,-0.6150510907173157,0.06974945962429047
9.632490634918213,0.16067379713058472,0.16625167429447174,0.14968259632587433,-0.7065152525901794,-0.6150510907173157,0.06974945962429047
9.648245334625244,0.4439930319786072,0.16625167429447174,0.14968259632587433,-0.7065152525901794,-0.6150510907173157,0.32249051332473755
9.664448976516724,0.4439930319786072,0.16625167429447174,0.14968259632587433,-0.7065152525901794,-0.6150510907173157,0.32249051332473755
9.680399417877197,0.4439930319786072,0.16625167429447174,0.14968259632587433,-0.7065152525901794,-0.6150510907173157,0.32249051332473755
9.69640588760376,0.4439930319786072,0.16625167429447174,0.11140800267457962,-0.7065152525901794,-0.6150510907173157,0.32249051332473755
9.712425231933594,0.4439930319786072,0.14393959939479828,0.11140800267457962,-0.5726085305213928,-0.5640417337417603,0.32249051332473755
9.728407382965088,0.4439930319786072,0.14393959939479828,0.11140800267457962,-0.5726085305213928,-0.5640417337417603,0.32249051332473755
9.744397640228271,0.4439930319786072,0.14393959939479828,0.11140800267457962,-0.5726085305213928,-0.5640417337417603,0.32249051332473755
9.760590553283691,0.3821452856063843,0.14393959939479828,0.11140800267457962,-0.5726085305213928,-0.5640417337417603,0.21354001760482788
9.77647876739502,0.3821452856063843,0.14393959939479828,0.11140800267457962,-0.5726085305213928,-0.5640417337417603,0.21354001760482788
9.792438745498657,0.3821452856063843,0.14393959939479828,0.08726099878549576,-0.5726085305213928,-0.5640417337417603,0.21354001760482788
9.808535099029541,0.3821452856063843,0.13134633004665375,0.08726099878549576,-0.5726085305213928,-0.5640417337417603,0.21354001760482788
9.824401378631592,0.3821452856063843,0.13134633004665375,0.08726099878549576,-0.617964506149292,-0.5307816863059998,0.21354001760482788
9.84025239944458,0.3821452856063843,0.13134633004665375,0.08726099878549576,-0.617964506149292,-0.5307816863059998,0.21354001760482788
9.856455087661743,0.1496301144361496,0.13134633004665375,0.08726099878549576,-0.617964506149292,-0.5307816863059998,-0.02149190939962864
9.872461795806885,0.1496301144361496,0.13134633004665375,0.08726099878549576,-0.617964506149292,-0.5307816863059998,-0.02149190939962864
9.888469696044922,0.1496301144361496,0.13134633004665375,0.08726099878549576,-0.617964506149292,-0.5307816863059998,-0.02149190939962864
9.90425992012024,0.1496301144361496,0.13134633004665375,0.07947000116109848,-0.617964506149292,-0.5307816863059998,-0.02149190939962864
9.9202880859375,0.1496301144361496,0.09710568189620972,0.07947000116109848,-0.5913981795310974,-0.43761008977890015,-0.02149190939962864
9.936509609222412,0.1496301144361496,0.09710568189620972,0.07947000116109848,-0.5913981795310974,-0.43761008977890015,-0.02149190939962864
9.95225214958191,0.1496301144361496,0.09710568189620972,0.07947000116109848,-0.5913981795310974,-0.43761008977890015,-0.02149190939962864
9.96825098991394,-0.19807519018650055,0.09710568189620972,0.07947000116109848,-0.5913981795310974,-0.43761008977890015,-0.35136881470680237
9.984483242034912,-0.19807519018650055,0.09710568189620972,0.07947000116109848,-0.5913981795310974,-0.43761008977890015,-0.35136881470680237
