Time,Fx,Fy,Fz,Mx,My,Mz
0.014481544494628906,-0.19445229681978793,0.4633922261484099,1.7815547703180226,0.08456890459363964,-0.057716961130742095,-0.059611660777385195
0.032465219497680664,-0.19445229681978793,0.4633922261484099,1.7815547703180226,0.08456890459363964,-0.057716961130742095,-0.059611660777385195
0.04951071739196777,-0.1544522968197879,0.26339222614840985,1.9315547703180211,0.23506890459363966,-0.1443169611307421,-0.0026116607773852274
0.06643342971801758,-0.304452296819788,0.36339222614840994,1.141554770318022,0.22526890459363968,-0.2338169611307421,0.06158833922261481
0.08359718322753906,-0.254452296819788,0.5733922261484099,1.9615547703180223,0.11606890459363967,-0.26621696113074206,0.10678833922261477
0.10051274299621582,-0.47445229681978796,0.64339222614841,3.191554770318021,0.05596890459363968,-0.2629169611307421,0.12838833922261478
0.11760187149047852,-0.6344522968197881,0.4733922261484099,3.881554770318022,0.06796890459363969,-0.2809169611307421,0.13298833922261477
0.13559532165527344,-0.514452296819788,0.6833922261484099,3.5415547703180223,0.034568904593639704,-0.2871169611307421,0.1292883392226148
0.15355992317199707,-0.514452296819788,0.6833922261484099,3.5415547703180223,0.034568904593639704,-0.2871169611307421,0.1292883392226148
0.17041444778442383,-0.4144522968197879,0.8033922261484099,3.7115547703180223,-0.04393109540636031,-0.2703169611307421,0.1336883392226148
0.18747425079345703,-0.304452296819788,0.7333922261484099,3.4115547703180216,-0.1337310954063603,-0.20771696113074212,0.11628833922261478
0.20444273948669434,-0.254452296819788,0.90339222614841,3.4515547703180225,-0.23623109540636034,-0.1032169611307421,0.05928833922261478
0.22156071662902832,-0.08445229681978805,0.7133922261484099,4.471554770318022,-0.17283109540636032,-0.013316961130742103,0.012788339222614797
0.23843955993652344,-0.11445229681978808,0.4333922261484099,3.5015547703180214,-0.03383109540636031,0.017583038869257897,-0.0065116607773851864
0.2553877830505371,0.025547703180212045,0.3033922261484099,2.021554770318021,0.020568904593639692,0.017383038869257898,-0.00881166077738521
0.27238941192626953,0.025547703180212045,0.3033922261484099,2.021554770318021,0.020568904593639692,0.017383038869257898,-0.00881166077738521
0.28949642181396484,0.06554770318021208,0.38339222614840995,1.1215547703180224,-0.01093109540636028,0.037183038869257896,-0.008611660777385233
0.3065176010131836,-0.01445229681978799,0.2933922261484099,0.9015547703180218,-0.030431095406360353,0.0486830388692579,-0.0094116607773852
0.3234546184539795,-0.03445229681978801,0.25339222614840995,0.42155477031802135,-0.04143109540636036,0.0421830388692579,-0.003211660777385217
0.3405599594116211,0.015547703180212036,0.3433922261484099,-0.13844522968197737,-0.07883109540636035,0.026683038869257898,0.02528833922261481
0.3578453063964844,-0.20445229681978794,0.28339222614840986,-0.9584452296819777,-0.1529310954063603,0.006483038869257898,0.06638833922261478
0.37547779083251953,-0.514452296819788,0.2333922261484099,-1.558445229681979,-0.2578310954063603,0.011183038869257898,0.07458833922261482
0.3925347328186035,-0.514452296819788,0.2333922261484099,-1.558445229681979,-0.2578310954063603,0.011183038869257898,0.07458833922261482
0.40946269035339355,-0.45445229681978794,0.36339222614840994,-1.478445229681979,-0.3271310954063603,0.0644830388692579,0.04628833922261477
0.4265589714050293,-0.22445229681978796,0.7933922261484099,-2.108445229681978,-0.3695310954063603,0.1200830388692579,0.014888339222614788
0.44351720809936523,-0.024452296819788,1.19339222614841,-2.938445229681978,-0.4284310954063604,0.1263830388692579,0.01748833922261478
0.4604525566101074,0.015547703180212036,1.5233922261484099,-3.218445229681979,-0.4903310954063602,0.13098303886925788,0.03688833922261481
0.47740912437438965,-0.004452296819787982,1.65339222614841,-3.1784452296819765,-0.5174310954063603,0.1298830388692579,0.05388833922261477
0.49448370933532715,-0.10445229681978807,1.71339222614841,-3.3784452296819794,-0.5352310954063604,0.12068303886925791,0.0550883392226148
0.5113954544067383,-0.10445229681978807,1.71339222614841,-3.3784452296819794,-0.5352310954063604,0.12068303886925791,0.0550883392226148
0.5284967422485352,-0.06445229681978804,1.82339222614841,-2.85844522968198,-0.5263310954063602,0.1166830388692579,0.034388339222614805
0.5455598831176758,0.13554770318021192,1.89339222614841,-2.4284452296819783,-0.47003109540636023,0.1019830388692579,0.025588339222614775
0.562450647354126,0.0855477031802121,1.85339222614841,-2.748445229681977,-0.4483310954063604,0.049983038869257895,0.03578833922261482
0.5794215202331543,-0.14445229681978788,1.5033922261484098,-2.0084452296819784,-0.4372310954063603,-0.002816961130742101,0.04208833922261479
0.596428632736206,-0.264452296819788,1.22339222614841,-0.9884452296819788,-0.37933109540636034,-0.0098169611307421,0.019288339222614803
0.6134488582611084,-0.264452296819788,1.22339222614841,-0.9884452296819788,-0.37933109540636034,-0.0098169611307421,0.019288339222614803
0.6304669380187988,-0.20445229681978794,1.0333922261484099,-0.5184452296819781,-0.3049310954063603,-0.023716961130742103,0.0007883392226147867
0.6474030017852783,-0.254452296819788,0.8233922261484099,0.021554770318021,-0.23613109540636035,-0.0318169611307421,-0.006611660777385231
0.6647770404815674,-0.35445229681978807,0.4633922261484099,0.8815547703180222,-0.12613109540636036,-0.020116961130742104,-0.0404116607773852
0.6825518608093262,-0.24445229681978797,0.4733922261484099,1.3815547703180222,0.013568904593639686,-0.0287169611307421,-0.06921166077738519
0.6994643211364746,-0.1344522968197881,0.3233922261484099,2.0815547703180215,0.1792689045936397,-0.09601696113074211,-0.03621166077738522
0.7167389392852783,-0.20445229681978794,0.28339222614840986,1.3715547703180224,0.2509689045936397,-0.1867169611307421,0.028588339222614778
0.7344517707824707,-0.20445229681978794,0.28339222614840986,1.3715547703180224,0.2509689045936397,-0.1867169611307421,0.028588339222614778
0.751462459564209,-0.23445229681978796,0.48339222614840993,1.4115547703180216,0.1641689045936397,-0.24971696113074213,0.08238833922261479
0.7684526443481445,-0.32445229681978804,0.6833922261484099,2.551554770318022,0.06366890459363972,-0.2574169611307421,0.11628833922261478
0.7854869365692139,-0.544452296819788,0.5733922261484099,3.7115547703180223,0.046568904593639715,-0.2639169611307421,0.1286883392226148
0.802553653717041,-0.544452296819788,0.5533922261484099,3.7415547703180216,0.048668904593639706,-0.2755169611307421,0.12738833922261478
0.819483757019043,-0.4144522968197879,0.8433922261484099,3.561554770318022,-0.018931095406360288,-0.2708169611307421,0.12938833922261478
0.836601734161377,-0.34445229681978806,0.7333922261484099,3.7015547703180225,-0.09813109540636034,-0.23671696113074212,0.12838833922261478
0.8545346260070801,-0.34445229681978806,0.7333922261484099,3.7015547703180225,-0.09813109540636034,-0.23671696113074212,0.12838833922261478
0.8726925849914551,-0.264452296819788,0.8633922261484099,3.1715547703180214,-0.21303109540636034,-0.1445169611307421,0.08518833922261482
0.890512228012085,-0.12445229681978809,0.8433922261484099,4.191554770318021,-0.23393109540636037,-0.044116961130742094,0.03008833922261478
0.9075214862823486,-0.08445229681978805,0.5833922261484099,4.161554770318022,-0.09993109540636036,0.013383038869257898,0.0025883392226148105
0.9244728088378906,-0.054452296819788026,0.3333922261484099,2.7515547703180214,0.008168904593639725,0.0157830388692579,-0.0030116607773851833
0.9414677619934082,0.04554770318021206,0.3433922261484099,1.391554770318022,0.00976890459363966,0.0217830388692579,-0.001111660777385226
0.9584267139434814,-0.01445229681978799,0.3433922261484099,0.9915547703180216,-0.02653109540636034,0.0355830388692579,-0.0019116607773851935
0.975581169128418,-0.08445229681978805,0.2333922261484099,0.7215547703180221,-0.036931095406360304,0.038383038869257896,-0.002411660777385194
0.9934866428375244,-0.08445229681978805,0.2333922261484099,0.7215547703180221,-0.036931095406360304,0.038383038869257896,-0.002411660777385194
1.0105016231536865,-0.04445229681978802,0.28339222614840986,0.17155477031802135,-0.05853109540636037,0.028883038869257898,0.008788339222614794
1.0274665355682373,-0.09445229681978806,0.3033922261484099,-0.5684452296819789,-0.11523109540636034,0.007683038869257898,0.04528833922261477
1.0443899631500244,-0.3844522968197881,0.25339222614840995,-1.4084452296819787,-0.21653109540636029,-0.0004169611307421016,0.06848833922261477
1.0614585876464844,-0.494452296819788,0.28339222614840986,-1.4684452296819774,-0.3079310954063603,0.030783038869257897,0.05518833922261479
1.0784213542938232,-0.32445229681978804,0.5833922261484099,-1.7384452296819788,-0.3544310954063603,0.0921830388692579,0.021988339222614783
1.0954432487487793,-0.14445229681978788,0.9933922261484098,-2.658445229681977,-0.4078310954063604,0.1130830388692579,0.00538833922261478
1.112441062927246,-0.14445229681978788,0.9933922261484098,-2.658445229681977,-0.4078310954063604,0.1130830388692579,0.00538833922261478
1.1294617652893066,0.025547703180212045,1.35339222614841,-3.098445229681978,-0.47203109540636023,0.1183830388692579,0.014288339222614799
1.146479606628418,0.0855477031802121,1.61339222614841,-3.158445229681977,-0.5122310954063602,0.1259830388692579,0.033288339222614816
1.1634352207183838,0.05554770318021207,1.7333922261484098,-3.438445229681978,-0.5364310954063602,0.1151830388692579,0.0550883392226148
1.180614709854126,-0.11445229681978808,1.7933922261484099,-3.1984452296819796,-0.5492310954063604,0.1039830388692579,0.0535883392226148
1.19743013381958,-0.03445229681978801,1.83339222614841,-2.4984452296819786,-0.5032310954063604,0.0945830388692579,0.0389883392226148
1.21445894241333,0.0855477031802121,1.87339222614841,-2.6984452296819796,-0.4644310954063604,0.0659830388692579,0.03298833922261479
1.2314488887786865,0.0855477031802121,1.87339222614841,-2.6984452296819796,-0.4644310954063604,0.0659830388692579,0.03298833922261479
1.2484040260314941,-0.04445229681978802,1.67339222614841,-2.448445229681978,-0.46283109540636036,0.0157830388692579,0.037088339222614786
1.2654309272766113,-0.19445229681978793,1.35339222614841,-1.3484452296819782,-0.41943109540636025,-0.002716961130742098,0.02618833922261482
1.282400369644165,-0.21445229681978795,1.15339222614841,-0.7484452296819786,-0.3476310954063603,-0.012616961130742104,0.007788339222614793
1.299405813217163,-0.23445229681978796,0.95339222614841,-0.27844522968197793,-0.2799310954063603,-0.0306169611307421,0.0018883392226147766
1.3164691925048828,-0.4144522968197879,0.5633922261484099,0.6115547703180226,-0.18373109540636035,-0.023716961130742103,-0.024911660777385214
1.333409309387207,-0.4144522968197879,0.5633922261484099,0.6115547703180226,-0.18373109540636035,-0.023716961130742103,-0.024911660777385214
1.350451946258545,-0.294452296819788,0.4733922261484099,1.191554770318021,-0.05123109540636028,-0.012516961130742101,-0.07131166077738521
1.367457628250122,-0.12445229681978809,0.4433922261484099,1.9015547703180218,0.10936890459363968,-0.059516961130742105,-0.0626116607773852
1.3843998908996582,-0.1544522968197879,0.2933922261484099,1.6815547703180211,0.2382689045936397,-0.15371696113074212,0.0017883392226147876
1.401423692703247,-0.284452296819788,0.41339222614841,1.1615547703180216,0.20126890459363966,-0.2440169611307421,0.06438833922261478
1.4184913635253906,-0.274452296819788,0.66339222614841,2.011554770318021,0.08666890459363963,-0.2750169611307421,0.10868833922261478
1.435441255569458,-0.534452296819788,0.6733922261484099,3.3215547703180217,0.03396890459363966,-0.2864169611307421,0.13158833922261481
1.452427625656128,-0.534452296819788,0.6733922261484099,3.3215547703180217,0.03396890459363966,-0.2864169611307421,0.13158833922261481
1.4694533348083496,-0.6344522968197881,0.51339222614841,3.8715547703180224,0.04926890459363964,-0.3073169611307421,0.1387883392226148
1.4865052700042725,-0.504452296819788,0.78339222614841,3.5415547703180223,0.0060689045936397346,-0.3103169611307421,0.1391883392226148
1.5034739971160889,-0.47445229681978796,0.78339222614841,3.691554770318021,-0.07083109540636034,-0.2961169611307421,0.14498833922261478
1.520437240600586,-0.3844522968197881,0.77339222614841,3.2915547703180223,-0.1729310954063603,-0.22811696113074212,0.11838833922261477
1.5376060009002686,-0.254452296819788,0.87339222614841,3.7815547703180226,-0.25003109540636037,-0.11991696113074209,0.059688339222614795
1.5544650554656982,-0.11445229681978808,0.66339222614841,4.4515547703180225,-0.15753109540636034,-0.0332169611307421,0.019888339222614793
1.5715320110321045,-0.11445229681978808,0.66339222614841,4.4515547703180225,-0.15753109540636034,-0.0332169611307421,0.019888339222614793
1.5884482860565186,-0.12445229681978809,0.36339222614840994,3.391554770318022,-0.021331095406360356,-0.0069169611307421,0.0036883392226148004
1.6055288314819336,0.025547703180212045,0.28339222614840986,1.8715547703180224,0.02086890459363966,0.0033830388692578997,-0.00031166077738520315
1.622603416442871,0.035547703180212054,0.38339222614840995,1.0115547703180212,-0.017931095406360287,0.0193830388692579,0.0001883392226147973
1.6394243240356445,-0.04445229681978802,0.2933922261484099,0.8515547703180211,-0.03763109540636034,0.021483038869257898,0.005188339222614802
1.656437873840332,-0.10445229681978807,0.21339222614840989,0.4615547703180223,-0.04863109540636035,0.017083038869257897,0.011888339222614785
1.6734788417816162,-0.10445229681978807,0.21339222614840989,0.4615547703180223,-0.04863109540636035,0.017083038869257897,0.011888339222614785
1.6904778480529785,-0.06445229681978804,0.26339222614840985,-0.14844522968197893,-0.08343109540636029,0.0038830388692579,0.03058833922261478
1.7074573040008545,-0.254452296819788,0.2233922261484099,-1.1184452296819778,-0.16753109540636035,-0.014516961130742103,0.05718833922261479
1.7244503498077393,-0.46445229681978795,0.20339222614840988,-1.5384452296819777,-0.2767310954063603,-0.0035169611307421,0.0520883392226148
1.7414956092834473,-0.34445229681978806,0.4233922261484099,-1.438445229681978,-0.3333310954063603,0.048983038869257894,0.022588339222614773
1.7584359645843506,-0.14445229681978788,0.8333922261484099,-2.2884452296819777,-0.3758310954063603,0.0855830388692579,-0.001411660777385193
1.775463581085205,-0.03445229681978801,1.17339222614841,-2.9584452296819777,-0.4410310954063603,0.0888830388692579,-0.003211660777385217
1.7924680709838867,-0.03445229681978801,1.17339222614841,-2.9584452296819777,-0.4410310954063603,0.0888830388692579,-0.003211660777385217
1.809469223022461,0.035547703180212054,1.47339222614841,-3.028445229681978,-0.4896310954063603,0.1006830388692579,0.0026883392226147995
1.8265914916992188,0.1255477031802119,1.67339222614841,-3.2284452296819772,-0.5133310954063603,0.1005830388692579,0.016088339222614767
1.844430923461914,0.025547703180212045,1.7633922261484098,-3.3784452296819794,-0.5426310954063602,0.0948830388692579,0.024088339222614774
1.861504316329956,-0.01445229681978799,1.84339222614841,-2.6684452296819785,-0.5200310954063603,0.0943830388692579,0.011288339222614796
1.878464698791504,0.1155477031802119,1.91339222614841,-2.528445229681978,-0.4623310954063604,0.0748830388692579,0.0072883392226147925
1.895479440689087,0.06554770318021208,1.81339222614841,-2.7284452296819772,-0.45783109540636024,0.030083038869257898,0.01468833922261481
1.9125218391418457,0.06554770318021208,1.81339222614841,-2.7284452296819772,-0.45783109540636024,0.030083038869257898,0.01468833922261481
1.9296715259552002,-0.11445229681978808,1.47339222614841,-1.7584452296819784,-0.4384310954063604,0.0035830388692578985,0.014488339222614777
1.9465124607086182,-0.1544522968197879,1.2633922261484098,-0.978445229681979,-0.37433109540636034,0.0018830388692578984,-0.004811660777385207
1.9635570049285889,-0.1344522968197881,1.08339222614841,-0.6284452296819776,-0.31163109540636036,-0.017716961130742104,-0.012811660777385214
1.9805104732513428,-0.24445229681978797,0.8233922261484099,0.07155477031802171,-0.24183109540636027,-0.026116961130742102,-0.014911660777385205
1.9976041316986084,-0.3644522968197881,0.50339222614841,0.8815547703180222,-0.12433109540636034,-0.016516961130742105,-0.04811166077738521
2.0144472122192383,-0.20445229681978794,0.52339222614841,1.4315547703180211,0.01756890459363969,-0.035416961130742095,-0.0674116607773852
2.0316169261932373,-0.20445229681978794,0.52339222614841,1.4315547703180211,0.01756890459363969,-0.035416961130742095,-0.0674116607773852
2.049412488937378,-0.11445229681978808,0.3433922261484099,2.0715547703180217,0.18406890459363967,-0.10801696113074209,-0.022811660777385195
2.06656813621521,-0.294452296819788,0.3033922261484099,1.3415547703180213,0.24766890459363966,-0.20621696113074212,0.04408833922261479
2.0834176540374756,-0.31445229681978804,0.50339222614841,1.3815547703180222,0.15376890459363968,-0.2771169611307421,0.0964883392226148
2.1004645824432373,-0.4344522968197879,0.7033922261484099,2.6115547703180226,0.05166890459363971,-0.2877169611307421,0.1276883392226148
2.1175055503845215,-0.6544522968197879,0.53339222614841,3.801554770318022,0.04796890459363967,-0.3031169611307421,0.1416883392226148
2.134417772293091,-0.6044522968197881,0.5533922261484099,3.7515547703180214,0.05116890459363965,-0.31251696113074207,0.1396883392226148
2.1515870094299316,-0.6044522968197881,0.5533922261484099,3.7515547703180214,0.05116890459363965,-0.31251696113074207,0.1396883392226148
2.16849422454834,-0.45445229681978794,0.8233922261484099,3.5815547703180215,-0.017031095406360275,-0.30351696113074206,0.14208833922261477
2.1854605674743652,-0.4144522968197879,0.7233922261484099,3.551554770318022,-0.1045310954063603,-0.26821696113074206,0.13958833922261482
2.2025537490844727,-0.33445229681978805,0.8433922261484099,3.2815547703180226,-0.2175310954063603,-0.17361696113074213,0.0918883392226148
2.219557046890259,-0.14445229681978788,0.8033922261484099,4.271554770318021,-0.22013109540636033,-0.0689169611307421,0.0389883392226148
2.2365760803222656,-0.12445229681978809,0.51339222614841,4.121554770318022,-0.08413109540636032,-0.005516961130742102,0.011388339222614785
2.2534544467926025,-0.12445229681978809,0.51339222614841,4.121554770318022,-0.08413109540636032,-0.005516961130742102,0.011388339222614785
2.270488739013672,-0.04445229681978802,0.2333922261484099,2.721554770318022,0.020968904593639648,0.007083038869257898,8.833922261480831e-05
2.287461996078491,0.07554770318021209,0.3333922261484099,1.2915547703180223,0.009068904593639626,0.028483038869257897,-0.006911660777385198
2.304497480392456,0.015547703180212036,0.3533922261484099,0.9215547703180214,-0.034731095406360324,0.044683038869257896,-0.011411660777385202
2.3214149475097656,-0.01445229681978799,0.25339222614840995,0.7115547703180223,-0.04263109540636034,0.0437830388692579,-0.0062116607773852195
2.3384337425231934,0.015547703180212036,0.2933922261484099,0.2015547703180225,-0.05893109540636032,0.0353830388692579,0.010688339222614807
2.355536699295044,-0.054452296819788026,0.3333922261484099,-0.5884452296819784,-0.11383109540636027,0.012183038869257899,0.05468833922261479
2.372546672821045,-0.054452296819788026,0.3333922261484099,-0.5884452296819784,-0.11383109540636027,0.012183038869257899,0.05468833922261479
2.389404773712158,-0.4344522968197879,0.21339222614840989,-1.528445229681978,-0.22083109540636037,-0.000516961130742101,0.07758833922261482
2.4065518379211426,-0.534452296819788,0.26339222614840985,-1.4284452296819783,-0.3132310954063603,0.0365830388692579,0.05318833922261479
2.4235141277313232,-0.304452296819788,0.6133922261484099,-1.7584452296819784,-0.3516310954063603,0.0975830388692579,0.013988339222614776
2.440520763397217,-0.10445229681978807,1.0433922261484099,-2.738445229681979,-0.4071310954063603,0.11198303886925791,0.0025883392226148105
2.457408905029297,0.015547703180212036,1.38339222614841,-3.028445229681978,-0.46713109540636033,0.1156830388692579,0.0152883392226148
2.4746007919311523,0.04554770318021206,1.60339222614841,-3.148445229681979,-0.5022310954063602,0.1191830388692579,0.03208833922261478
2.491448402404785,0.04554770318021206,1.60339222614841,-3.148445229681979,-0.5022310954063602,0.1191830388692579,0.03208833922261478
2.5084800720214844,0.015547703180212036,1.70339222614841,-3.4484452296819796,-0.5330310954063604,0.11048303886925791,0.046488339222614805
2.525528907775879,-0.09445229681978806,1.7533922261484098,-3.118445229681978,-0.5439310954063603,0.1107830388692579,0.031288339222614814
2.542461633682251,0.07554770318021209,1.87339222614841,-2.478445229681979,-0.4937310954063603,0.1049830388692579,0.011688339222614808
2.5587072372436523,0.18554770318021196,1.93339222614841,-2.778445229681978,-0.4571310954063603,0.0638830388692579,0.01688833922261479
2.5764780044555664,0.005547703180212027,1.65339222614841,-2.3784452296819776,-0.45413109540636043,0.008283038869257898,0.03208833922261478
2.59354829788208,0.005547703180212027,1.65339222614841,-2.3784452296819776,-0.45413109540636043,0.008283038869257898,0.03208833922261478
2.6105051040649414,-0.1644522968197879,1.34339222614841,-1.3384452296819784,-0.4090310954063603,-0.006716961130742102,0.022288339222614806
2.627655029296875,-0.20445229681978794,1.13339222614841,-0.7984452296819775,-0.3446310954063603,-0.018916961130742104,0.0004883392226148198
2.6455130577087402,-0.1744522968197879,0.96339222614841,-0.2884452296819777,-0.2789310954063603,-0.035416961130742095,-0.0061116607773852305
2.6624412536621094,-0.35445229681978807,0.6133922261484099,0.521554770318021,-0.18633109540636028,-0.03201696113074211,-0.025911660777385215
2.6794962882995605,-0.304452296819788,0.4733922261484099,1.1115547703180226,-0.05853109540636037,-0.027416961130742105,-0.0669116607773852
2.696537733078003,-0.14445229681978788,0.4433922261484099,1.891554770318022,0.10056890459363971,-0.0695169611307421,-0.05921166077738521
2.713428258895874,-0.14445229681978788,0.4433922261484099,1.891554770318022,0.10056890459363971,-0.0695169611307421,-0.05921166077738521
2.730621814727783,-0.1544522968197879,0.26339222614840985,1.9115547703180216,0.24816890459363966,-0.1564169611307421,0.003488339222614767
2.7485265731811523,-0.274452296819788,0.39339222614840996,1.101554770318021,0.2226689045936397,-0.2455169611307421,0.06688833922261478
2.7655441761016846,-0.254452296819788,0.64339222614841,1.9315547703180211,0.0976689045936397,-0.27621696113074207,0.11368833922261479
2.782566785812378,-0.494452296819788,0.66339222614841,3.3315547703180215,0.04156890459363971,-0.2743169611307421,0.1372883392226148
2.7994606494903564,-0.6344522968197881,0.4733922261484099,4.011554770318021,0.06256890459363973,-0.2847169611307421,0.1416883392226148
2.816518783569336,-0.46445229681978795,0.7033922261484099,3.681554770318021,0.03266890459363969,-0.2786169611307421,0.13488833922261478
2.833691120147705,-0.46445229681978795,0.7033922261484099,3.681554770318021,0.03266890459363969,-0.2786169611307421,0.13488833922261478
2.851552963256836,-0.3844522968197881,0.78339222614841,3.651554770318022,-0.049831095406360326,-0.2594169611307421,0.13748833922261477
2.868483304977417,-0.294452296819788,0.76339222614841,3.3615547703180226,-0.1569310954063603,-0.1884169611307421,0.10988833922261482
2.8855810165405273,-0.1744522968197879,0.91339222614841,3.651554770318022,-0.2455310954063603,-0.0806169611307421,0.05278833922261478
2.9024524688720703,-0.03445229681978801,0.7233922261484099,4.521554770318021,-0.16533109540636037,0.005583038869257897,0.016088339222614767
2.919407367706299,-0.09445229681978806,0.39339222614840996,3.521554770318021,-0.020431095406360344,0.032083038869257896,0.0007883392226147867
2.9364511966705322,0.025547703180212045,0.2933922261484099,1.9015547703180218,0.029168904593639633,0.0298830388692579,-0.002511660777385183
2.9535129070281982,0.025547703180212045,0.2933922261484099,1.9015547703180218,0.029168904593639633,0.0298830388692579,-0.002511660777385183
2.9705522060394287,0.035547703180212054,0.39339222614840996,0.9315547703180211,-0.017031095406360275,0.0425830388692579,-0.0055116607773851856
2.987422466278076,-0.04445229681978802,0.3133922261484099,0.8615547703180226,-0.04393109540636031,0.049483038869257895,-0.008711660777385222
3.0046942234039307,-0.054452296819788026,0.25339222614840995,0.5015547703180214,-0.0460310954063603,0.0424830388692579,-0.001211660777385215
3.022594928741455,0.015547703180212036,0.3333922261484099,-0.228445229681979,-0.08013109540636032,0.020883038869257898,0.03248833922261479
3.0394716262817383,-0.254452296819788,0.27339222614840986,-1.1184452296819778,-0.16513109540636028,0.0006830388692578987,0.07288833922261478
3.0563879013061523,-0.564452296819788,0.2333922261484099,-1.608445229681978,-0.27543109540636035,0.0079830388692579,0.0696883392226148
3.073477268218994,-0.564452296819788,0.2333922261484099,-1.608445229681978,-0.27543109540636035,0.0079830388692579,0.0696883392226148
3.0904572010040283,-0.4144522968197879,0.38339222614840995,-1.4184452296819785,-0.33283109540636036,0.0640830388692579,0.033788339222614816
3.107408285140991,-0.1744522968197879,0.8233922261484099,-2.3284452296819786,-0.3790310954063604,0.1097830388692579,0.005088339222614813
3.124577760696411,-0.004452296819787982,1.22339222614841,-2.938445229681978,-0.4439310954063602,0.1164830388692579,0.0071883392226148035
3.1416285037994385,0.05554770318021207,1.5233922261484099,-3.1384452296819774,-0.4925310954063604,0.1218830388692579,0.025088339222614775
3.1594862937927246,0.04554770318021206,1.69339222614841,-3.3784452296819794,-0.5261310954063603,0.1137830388692579,0.045888339222614816
3.1764488220214844,-0.09445229681978806,1.71339222614841,-3.3284452296819786,-0.5493310954063604,0.1078830388692579,0.046488339222614805
3.1934049129486084,-0.09445229681978806,1.71339222614841,-3.3284452296819786,-0.5493310954063604,0.1078830388692579,0.046488339222614805
3.210545539855957,-0.04445229681978802,1.83339222614841,-2.7584452296819784,-0.5267310954063604,0.1093830388692579,0.021488339222614783
3.2275359630584717,0.16554770318021195,1.93339222614841,-2.568445229681979,-0.4762310954063602,0.0913830388692579,0.012788339222614797
3.2444605827331543,0.05554770318021207,1.83339222614841,-2.718445229681979,-0.46363109540636027,0.0391830388692579,0.021688339222614816
3.2614598274230957,-0.10445229681978807,1.4933922261484098,-1.7384452296819788,-0.4351310954063603,0.0016830388692578996,0.020388339222614793
3.2784366607666016,-0.1744522968197879,1.2633922261484098,-0.9984452296819786,-0.37433109540636034,-0.0052169611307421,-0.001211660777385215
3.295658588409424,-0.14445229681978788,1.06339222614841,-0.46844522968197744,-0.30653109540636037,-0.0260169611307421,-0.012511660777385192
3.3124544620513916,-0.14445229681978788,1.06339222614841,-0.46844522968197744,-0.30653109540636037,-0.0260169611307421,-0.012511660777385192
3.329803228378296,-0.22445229681978796,0.8133922261484099,0.23155477031802185,-0.22563109540636028,-0.030716961130742102,-0.0172116607773852
3.3475773334503174,-0.34445229681978806,0.50339222614841,0.9115547703180216,-0.10883109540636027,-0.024016961130742105,-0.05291166077738521
3.364558696746826,-0.22445229681978796,0.50339222614841,1.4815547703180219,0.03186890459363967,-0.052416961130742096,-0.06981166077738521
3.3815672397613525,-0.14445229681978788,0.3233922261484099,2.1715547703180214,0.20166890459363968,-0.12881696113074212,-0.025611660777385192
3.3985073566436768,-0.24445229681978797,0.3233922261484099,1.311554770318022,0.2539689045936397,-0.22551696113074213,0.04208833922261479
3.415405750274658,-0.254452296819788,0.5733922261484099,1.4015547703180218,0.14466890459363968,-0.2925169611307421,0.10128833922261482
3.432452440261841,-0.254452296819788,0.5733922261484099,1.4015547703180218,0.14466890459363968,-0.2925169611307421,0.10128833922261482
3.4498093128204346,-0.47445229681978796,0.7133922261484099,2.7415547703180216,0.04846890459363973,-0.30391696113074207,0.1372883392226148
3.4675755500793457,-0.734452296819788,0.50339222614841,3.981554770318022,0.059668904593639716,-0.3199169611307421,0.1488883392226148
3.4844462871551514,-0.6444522968197879,0.5433922261484099,3.7915547703180223,0.06316890459363966,-0.32761696113074207,0.13958833922261482
3.501432180404663,-0.46445229681978795,0.8533922261484099,3.5715547703180217,-0.018331095406360354,-0.31461696113074206,0.1386883392226148
3.518425941467285,-0.3744522968197881,0.7433922261484099,3.6615547703180216,-0.11043109540636031,-0.2650169611307421,0.1301883392226148
3.5354833602905273,-0.294452296819788,0.90339222614841,3.311554770318022,-0.21973109540636027,-0.1655169611307421,0.08188833922261479
3.5525035858154297,-0.294452296819788,0.90339222614841,3.311554770318022,-0.21973109540636027,-0.1655169611307421,0.08188833922261479
3.5695393085479736,-0.11445229681978808,0.8233922261484099,4.361554770318023,-0.21293109540636035,-0.0652169611307421,0.033888339222614805
3.5865254402160645,-0.1544522968197879,0.50339222614841,4.111554770318023,-0.07213109540636031,-0.003816961130742102,0.006088339222614814
3.603442668914795,-0.03445229681978801,0.25339222614840995,2.5715547703180217,0.02416890459363963,0.006083038869257897,-0.0063116607773852085
3.6204185485839844,0.0955477031802121,0.38339222614840995,1.0815547703180215,-0.004031095406360374,0.0244830388692579,-0.0099116607773852
3.637502908706665,0.035547703180212054,0.38339222614840995,0.9015547703180218,-0.051031095406360305,0.0427830388692579,-0.010611660777385179
3.654437303543091,-0.04445229681978802,0.2433922261484099,0.7115547703180223,-0.04613109540636029,0.0404830388692579,-0.0037116607773852173
3.671445369720459,-0.04445229681978802,0.2433922261484099,0.7115547703180223,-0.04613109540636029,0.0404830388692579,-0.0037116607773852173
3.688427209854126,0.005547703180212027,0.3133922261484099,-0.028445229681977935,-0.0652310954063603,0.0218830388692579,0.020288339222614804
3.7057926654815674,-0.12445229681978809,0.28339222614840986,-0.8284452296819786,-0.13743109540636034,0.0015830388692579002,0.061788339222614785
3.7234880924224854,-0.504452296819788,0.2233922261484099,-1.6384452296819774,-0.24933109540636034,-0.0008169611307421026,0.0706883392226148
3.740488290786743,-0.46445229681978795,0.3133922261484099,-1.3784452296819776,-0.3241310954063603,0.0435830388692579,0.04018833922261478
3.757519483566284,-0.1744522968197879,0.7133922261484099,-2.0384452296819777,-0.3635310954063603,0.1002830388692579,0.009288339222614794
3.7745516300201416,-0.024452296819788,1.13339222614841,-2.85844522968198,-0.4280310954063604,0.1135830388692579,0.006588339222614814
3.791560411453247,-0.024452296819788,1.13339222614841,-2.85844522968198,-0.4280310954063604,0.1135830388692579,0.006588339222614814
3.8087496757507324,0.005547703180212027,1.46339222614841,-3.098445229681978,-0.4803310954063602,0.1178830388692579,0.01948833922261478
3.8265769481658936,0.015547703180212036,1.63339222614841,-3.318445229681977,-0.5159310954063603,0.1130830388692579,0.032388339222614804
3.8434693813323975,-0.024452296819788,1.69339222614841,-3.3784452296819794,-0.5450310954063604,0.1137830388692579,0.033988339222614794
3.8603978157043457,-0.01445229681978799,1.83339222614841,-2.988445229681979,-0.5397310954063603,0.1214830388692579,0.009688339222614806
3.8776443004608154,0.18554770318021196,1.9633922261484098,-2.5484452296819775,-0.49023109540636023,0.1072830388692579,-0.0008116607773852036
3.894502878189087,0.15554770318021194,1.93339222614841,-2.848445229681978,-0.4667310954063604,0.0579830388692579,0.011988339222614774
3.9115641117095947,0.15554770318021194,1.93339222614841,-2.848445229681978,-0.4667310954063604,0.0579830388692579,0.011988339222614774
3.928386926651001,-0.054452296819788026,1.61339222614841,-2.098445229681978,-0.4525310954063604,0.0084830388692579,0.02058833922261477
3.9454493522644043,-0.1344522968197881,1.34339222614841,-1.1784452296819783,-0.3969310954063603,-0.0025169611307420993,0.00588833922261478
3.9625084400177,-0.1344522968197881,1.12339222614841,-0.6384452296819774,-0.3293310954063603,-0.0207169611307421,-0.007411660777385198
3.9794819355010986,-0.1544522968197879,0.95339222614841,-0.04844522968197751,-0.25713109540636037,-0.0313169611307421,-0.00671166077738522
3.9963903427124023,-0.3744522968197881,0.5633922261484099,0.7315547703180219,-0.15073109540636032,-0.0296169611307421,-0.030511660777385208
4.013513088226318,-0.3744522968197881,0.5633922261484099,0.7315547703180219,-0.15073109540636032,-0.0296169611307421,-0.030511660777385208
4.030494928359985,-0.294452296819788,0.51339222614841,1.271554770318021,-0.01663109540636032,-0.04311696113074209,-0.061611660777385197
4.047446966171265,-0.1644522968197879,0.3533922261484099,2.2115547703180223,0.15746890459363966,-0.10181696113074211,-0.03621166077738522
4.064388036727905,-0.20445229681978794,0.28339222614840986,1.5915547703180213,0.2656689045936397,-0.19101696113074212,0.027488339222614788
4.081665992736816,-0.31445229681978804,0.4733922261484099,1.101554770318021,0.18246890459363968,-0.2755169611307421,0.08508833922261477
4.098448276519775,-0.4044522968197879,0.6933922261484099,2.3415547703180213,0.06296890459363969,-0.29331696113074207,0.11948833922261481
4.11542820930481,-0.6044522968197881,0.5833922261484099,3.8315547703180215,0.04936890459363963,-0.2940169611307421,0.13308833922261482
4.132465600967407,-0.6044522968197881,0.5833922261484099,3.8315547703180215,0.04936890459363963,-0.2940169611307421,0.13308833922261482
4.149461269378662,-0.6244522968197881,0.48339222614840993,3.931554770318021,0.07466890459363973,-0.30601696113074206,0.1326883392226148
4.16650652885437,-0.44445229681978793,0.8533922261484099,3.4615547703180223,0.003668904593639666,-0.30191696113074207,0.13308833922261482
4.183443784713745,-0.3944522968197879,0.76339222614841,3.731554770318022,-0.0883310954063603,-0.2708169611307421,0.1347883392226148
4.200624942779541,-0.31445229681978804,0.8533922261484099,3.2515547703180214,-0.19993109540636034,-0.17971696113074212,0.09428833922261481
4.217518091201782,-0.1644522968197879,0.87339222614841,4.091554770318021,-0.24533109540636033,-0.0719169611307421,0.0379883392226148
4.234429836273193,-0.06445229681978804,0.6133922261484099,4.471554770318022,-0.11953109540636031,0.009883038869257899,0.005488339222614769
4.251497983932495,-0.06445229681978804,0.6133922261484099,4.471554770318022,-0.11953109540636031,0.009883038869257899,0.005488339222614769
4.268507719039917,-0.054452296819788026,0.3133922261484099,3.021554770318021,0.005668904593639668,0.0281830388692579,-0.0084116607773852
4.285407781600952,0.07554770318021209,0.3333922261484099,1.3215547703180217,0.004768904593639656,0.0346830388692579,-0.012311660777385214
4.302420616149902,0.05554770318021207,0.40339222614840997,0.9015547703180218,-0.054331095406360275,0.0582830388692579,-0.018211660777385202
4.31948447227478,-0.01445229681978799,0.26339222614840985,0.891554770318022,-0.05153109540636036,0.0626830388692579,-0.015711660777385228
4.336398124694824,0.025547703180212045,0.3133922261484099,0.18155477031802114,-0.05603109540636031,0.044183038869257896,0.0073883392226147815
4.353480339050293,0.025547703180212045,0.3133922261484099,0.18155477031802114,-0.05603109540636031,0.044183038869257896,0.0073883392226147815
4.370511054992676,-0.03445229681978801,0.3433922261484099,-0.608445229681978,-0.1155310954063603,0.019683038869257898,0.0545883392226148
4.387392520904541,-0.44445229681978793,0.2433922261484099,-1.5184452296819781,-0.22013109540636033,0.005583038869257897,0.07998833922261478
4.4046385288238525,-0.564452296819788,0.26339222614840985,-1.4584452296819777,-0.31263109540636036,0.0345830388692579,0.05668833922261479
4.421443700790405,-0.294452296819788,0.5533922261484099,-1.728445229681979,-0.35293109540636036,0.0972830388692579,0.020388339222614793
4.438658237457275,-0.08445229681978805,1.0233922261484099,-2.688445229681978,-0.41053109540636035,0.1214830388692579,0.008188339222614804
4.455570697784424,0.035547703180212054,1.37339222614841,-3.0084452296819784,-0.46623109540636043,0.1248830388692579,0.023288339222614807
4.472403049468994,0.035547703180212054,1.37339222614841,-3.0084452296819784,-0.46623109540636043,0.1248830388692579,0.023288339222614807
4.489579200744629,0.05554770318021207,1.59339222614841,-3.318445229681977,-0.5102310954063602,0.1247830388692579,0.044388339222614814
4.506494998931885,0.005547703180212027,1.68339222614841,-3.4484452296819796,-0.5436310954063603,0.1195830388692579,0.058088339222614804
4.523452043533325,-0.10445229681978807,1.7633922261484098,-3.1784452296819765,-0.5492310954063604,0.1176830388692579,0.044388339222614814
4.540587663650513,0.07554770318021209,1.9033922261484097,-2.6284452296819794,-0.5089310954063604,0.1079830388692579,0.0263883392226148
4.557709217071533,0.14554770318021193,1.91339222614841,-2.6984452296819796,-0.46693109540636035,0.07218303886925789,0.03018833922261477
4.5745134353637695,-0.04445229681978802,1.69339222614841,-2.4084452296819787,-0.45303109540636033,0.0164830388692579,0.038188339222614776
4.591463804244995,-0.04445229681978802,1.69339222614841,-2.4084452296819787,-0.45303109540636033,0.0164830388692579,0.038188339222614776
4.60857367515564,-0.1644522968197879,1.38339222614841,-1.3784452296819776,-0.4097310954063602,-0.003916961130742105,0.025888339222614798
4.625588893890381,-0.21445229681978795,1.14339222614841,-0.728445229681979,-0.3425310954063603,-0.016516961130742105,0.0035883392226148114
4.64248514175415,-0.1644522968197879,0.97339222614841,-0.18844522968197808,-0.26633109540636035,-0.0318169611307421,-0.002411660777385194
4.659623622894287,-0.35445229681978807,0.6133922261484099,0.5815547703180215,-0.16933109540636027,-0.0289169611307421,-0.0220116607773852
4.6765594482421875,-0.31445229681978804,0.4733922261484099,1.1315547703180222,-0.0420310954063603,-0.0277169611307421,-0.0643116607773852
4.693444490432739,-0.31445229681978804,0.4733922261484099,1.1315547703180222,-0.0420310954063603,-0.0277169611307421,-0.0643116607773852
4.710477590560913,-0.1644522968197879,0.41339222614841,2.0315547703180226,0.1228689045936397,-0.0742169611307421,-0.056911660777385215
4.727496385574341,-0.12445229681978809,0.26339222614840985,1.811554770318022,0.2638689045936397,-0.16181696113074212,0.006188339222614803
4.744592189788818,-0.254452296819788,0.4433922261484099,0.9615547703180223,0.21036890459363966,-0.2522169611307421,0.07148833922261477
4.761473894119263,-0.274452296819788,0.6833922261484099,2.061554770318022,0.08316890459363968,-0.2800169611307421,0.11828833922261478
4.7784459590911865,-0.574452296819788,0.64339222614841,3.5015547703180214,0.04516890459363965,-0.2830169611307421,0.1393883392226148
4.7954607009887695,-0.6744522968197879,0.4633922261484099,3.971554770318022,0.07146890459363964,-0.30191696113074207,0.1408883392226148
4.812451362609863,-0.6744522968197879,0.4633922261484099,3.971554770318022,0.07146890459363964,-0.30191696113074207,0.1408883392226148
4.829445123672485,-0.494452296819788,0.77339222614841,3.471554770318022,0.01526890459363972,-0.2982169611307421,0.13188833922261478
4.846440315246582,-0.4144522968197879,0.8133922261484099,3.721554770318022,-0.0772310954063603,-0.27521696113074207,0.13188833922261478
4.8634116649627686,-0.294452296819788,0.8033922261484099,3.391554770318022,-0.17533109540636027,-0.19791696113074211,0.1034883392226148
4.8804097175598145,-0.20445229681978794,0.92339222614841,3.7515547703180214,-0.2547310954063603,-0.0926169611307421,0.049288339222614774
4.897605895996094,-0.07445229681978804,0.6833922261484099,4.631554770318022,-0.15673109540636032,-0.004916961130742099,0.01258833922261482
4.914494037628174,-0.1344522968197881,0.3533922261484099,3.351554770318021,-0.014131095406360372,0.0213830388692579,-0.005811660777385208
4.931555271148682,-0.1344522968197881,0.3533922261484099,3.351554770318021,-0.014131095406360372,0.0213830388692579,-0.005811660777385208
4.948394060134888,0.04554770318021206,0.3133922261484099,1.6515547703180218,0.013268904593639719,0.024983038869257897,-0.010211660777385223
4.965453386306763,0.06554770318021208,0.4233922261484099,0.9815547703180219,-0.04183109540636032,0.0511830388692579,-0.014711660777385227
4.982541561126709,-0.024452296819788,0.26339222614840985,1.0115547703180212,-0.04253109540636035,0.0602830388692579,-0.014111660777385182
4.999478816986084,-0.03445229681978801,0.25339222614840995,0.36155477031802263,-0.03923109540636027,0.0461830388692579,0.0012883392226147872
5.0164031982421875,0.005547703180212027,0.3533922261484099,-0.39844522968197893,-0.08973109540636037,0.0239830388692579,0.03978833922261482
5.033451080322266,0.005547703180212027,0.3533922261484099,-0.39844522968197893,-0.08973109540636037,0.0239830388692579,0.03978833922261482
5.050421476364136,-0.32445229681978804,0.27339222614840986,-1.2384452296819788,-0.18153109540636037,0.0050830388692579,0.07608833922261482
5.067454099655151,-0.5944522968197881,0.2333922261484099,-1.558445229681979,-0.2850310954063603,0.014883038869257898,0.06708833922261481
5.084484815597534,-0.4044522968197879,0.4233922261484099,-1.4984452296819786,-0.3343310954063603,0.0703830388692579,0.032288339222614815
5.101390838623047,-0.1644522968197879,0.90339222614841,-2.438445229681978,-0.38623109540636036,0.1112830388692579,0.008388339222614782
5.118438482284546,-0.024452296819788,1.2833922261484099,-2.9184452296819785,-0.44463109540636037,0.1157830388692579,0.013788339222614798
5.135478734970093,0.025547703180212045,1.5533922261484099,-3.248445229681977,-0.49413109540636024,0.11438303886925791,0.032888339222614804
5.152805328369141,0.025547703180212045,1.5533922261484099,-3.248445229681977,-0.49413109540636024,0.11438303886925791,0.032888339222614804
5.1704559326171875,0.05554770318021207,1.67339222614841,-3.35844522968198,-0.5318310954063603,0.1152830388692579,0.04938833922261482
5.187413692474365,-0.08445229681978805,1.7433922261484098,-3.278445229681978,-0.5466310954063602,0.1188830388692579,0.0424883392226148
5.204549789428711,-0.004452296819787982,1.8833922261484097,-2.808445229681979,-0.5223310954063602,0.1101830388692579,0.019888339222614793
5.221516132354736,0.16554770318021195,1.9233922261484098,-2.558445229681979,-0.4736310954063603,0.0862830388692579,0.01618833922261481
5.238497257232666,0.05554770318021207,1.81339222614841,-2.6284452296819794,-0.45783109540636024,0.0365830388692579,0.023788339222614807
5.255517959594727,-0.07445229681978804,1.4933922261484098,-1.728445229681979,-0.4304310954063604,0.001783038869257899,0.022388339222614795
5.272434234619141,-0.07445229681978804,1.4933922261484098,-1.728445229681979,-0.4304310954063604,0.001783038869257899,0.022388339222614795
5.289511680603027,-0.18445229681978792,1.22339222614841,-0.9584452296819777,-0.37203109540636037,-0.011616961130742103,0.005988339222614769
5.306485176086426,-0.1544522968197879,1.0433922261484099,-0.3784452296819776,-0.2981310954063603,-0.0287169611307421,-0.0028116607773852054
5.32340407371521,-0.32445229681978804,0.77339222614841,0.2515547703180214,-0.21373109540636037,-0.0379169611307421,-0.011311660777385213
5.340400695800781,-0.3844522968197881,0.4533922261484099,0.9315547703180211,-0.09763109540636028,-0.0376169611307421,-0.04981166077738522
5.357483863830566,-0.21445229681978795,0.4733922261484099,1.6715547703180214,0.046668904593639704,-0.0579169611307421,-0.06601166077738521
5.3743977546691895,-0.1344522968197881,0.2933922261484099,2.2115547703180223,0.22336890459363967,-0.13181696113074212,-0.017511660777385196
5.391432762145996,-0.1344522968197881,0.2933922261484099,2.2115547703180223,0.22336890459363967,-0.13181696113074212,-0.017511660777385196
5.40847373008728,-0.274452296819788,0.3433922261484099,1.101554770318021,0.2500689045936397,-0.2337169611307421,0.0535883392226148
5.425449848175049,-0.284452296819788,0.5433922261484099,1.601554770318021,0.13166890459363967,-0.28781696113074207,0.10658833922261479
5.4424567222595215,-0.45445229681978794,0.6733922261484099,3.0315547703180226,0.055168904593639656,-0.28181696113074206,0.13338833922261478
5.459434986114502,-0.6844522968197879,0.4633922261484099,3.9115547703180216,0.07006890459363968,-0.29341696113074206,0.13958833922261482
5.476485013961792,-0.554452296819788,0.6033922261484099,3.5915547703180213,0.050968904593639675,-0.2990169611307421,0.1306883392226148
5.493476867675781,-0.554452296819788,0.6033922261484099,3.5915547703180213,0.050968904593639675,-0.2990169611307421,0.1306883392226148
5.510468244552612,-0.4044522968197879,0.8533922261484099,3.5915547703180213,-0.03663109540636034,-0.2794169611307421,0.12988833922261478
5.527463436126709,-0.32445229681978804,0.7133922261484099,3.6115547703180226,-0.12183109540636028,-0.22191696113074214,0.11578833922261478
5.544532060623169,-0.20445229681978794,0.91339222614841,3.271554770318021,-0.23193109540636037,-0.1216169611307421,0.0661883392226148
5.561459541320801,-0.04445229681978802,0.78339222614841,4.4515547703180225,-0.2073310954063603,-0.020316961130742103,0.020988339222614782
5.578582048416138,-0.10445229681978807,0.4733922261484099,3.891554770318022,-0.06133109540636028,0.029583038869257897,-0.0026116607773852274
5.595455646514893,0.005547703180212027,0.27339222614840986,2.231554770318022,0.016068904593639632,0.0262830388692579,-0.009011660777385189
5.612401723861694,0.005547703180212027,0.27339222614840986,2.231554770318022,0.016068904593639632,0.0262830388692579,-0.009011660777385189
5.629574298858643,0.1255477031802119,0.41339222614841,1.101554770318021,-0.02073109540636031,0.0440830388692579,-0.008711660777385222
5.646564245223999,0.015547703180212036,0.3333922261484099,1.0715547703180217,-0.045531095406360356,0.0598830388692579,-0.009111660777385233
5.663647413253784,-0.06445229681978804,0.21339222614840989,0.6115547703180226,-0.035831095406360314,0.0464830388692579,-0.00021166077738521416
5.6806464195251465,-0.004452296819787982,0.3033922261484099,-0.05844522968197907,-0.06703109540636032,0.026583038869257898,0.023988339222614785
5.6974873542785645,-0.1344522968197881,0.3033922261484099,-0.8284452296819786,-0.14063109540636032,0.0073830388692579,0.06288833922261478
5.714539051055908,-0.514452296819788,0.2233922261484099,-1.5684452296819789,-0.24683109540636028,-0.0006169611307421004,0.07238833922261478
5.731785297393799,-0.514452296819788,0.2233922261484099,-1.5684452296819789,-0.24683109540636028,-0.0006169611307421004,0.07238833922261478
5.749540567398071,-0.48445229681978796,0.28339222614840986,-1.398445229681979,-0.31993109540636033,0.037183038869257896,0.04618833922261478
5.766469955444336,-0.254452296819788,0.66339222614841,-2.028445229681978,-0.36603109540636036,0.0961830388692579,0.010088339222614817
5.783690452575684,-0.10445229681978807,1.08339222614841,-2.7284452296819772,-0.4240310954063604,0.1121830388692579,-0.005211660777385219
5.800436735153198,0.07554770318021209,1.44339222614841,-3.1384452296819774,-0.4773310954063603,0.1160830388692579,0.004488339222614768
5.817466497421265,0.14554770318021193,1.67339222614841,-3.3384452296819767,-0.5246310954063602,0.1207830388692579,0.023088339222614773
5.834599256515503,0.05554770318021207,1.7633922261484098,-3.398445229681979,-0.5501310954063603,0.11678303886925791,0.036688339222614774
5.851443529129028,0.05554770318021207,1.7633922261484098,-3.398445229681979,-0.5501310954063603,0.11678303886925791,0.036688339222614774
5.868469953536987,-0.04445229681978802,1.8633922261484097,-3.1384452296819774,-0.5468310954063602,0.1064830388692579,0.024988339222614786
5.885452508926392,0.13554770318021192,1.95339222614841,-2.5384452296819777,-0.5008310954063604,0.0934830388692579,0.01468833922261481
5.902438640594482,0.14554770318021193,1.9233922261484098,-2.6984452296819796,-0.4646310954063604,0.0585830388692579,0.019188339222614814
5.919554233551025,-0.004452296819787982,1.67339222614841,-2.238445229681979,-0.44783109540636024,0.007683038869257898,0.02828833922261481
5.936439514160156,-0.1544522968197879,1.37339222614841,-1.2984452296819775,-0.4027310954063603,-0.011116961130742103,0.01948833922261478
5.953648567199707,-0.1544522968197879,1.37339222614841,-1.2984452296819775,-0.4027310954063603,-0.011116961130742103,0.01948833922261478
5.970465660095215,-0.18445229681978792,1.12339222614841,-0.608445229681978,-0.3312310954063603,-0.0246169611307421,0.005788339222614791
5.987565755844116,-0.24445229681978797,0.93339222614841,-0.11844522968197779,-0.25233109540636034,-0.0379169611307421,0.0010883392226148092
6.004737377166748,-0.4144522968197879,0.52339222614841,0.6915547703180209,-0.1489310954063603,-0.035416961130742095,-0.028511660777385206
6.022475481033325,-0.274452296819788,0.48339222614840993,1.2915547703180223,-0.016331095406360352,-0.0326169611307421,-0.06701166077738521
6.0396974086761475,-0.1544522968197879,0.36339222614840994,2.1615547703180216,0.15896890459363966,-0.0872169611307421,-0.0457116607773852
6.057608604431152,-0.21445229681978795,0.27339222614840986,1.4515547703180225,0.26426890459363966,-0.1859169611307421,0.02008833922261477
6.074458837509155,-0.294452296819788,0.4633922261484099,1.1315547703180222,0.1807689045936397,-0.2685169611307421,0.07898833922261478
6.091517448425293,-0.294452296819788,0.4633922261484099,1.1315547703180222,0.1807689045936397,-0.2685169611307421,0.07898833922261478
6.108579635620117,-0.284452296819788,0.6833922261484099,2.4915547703180216,0.07526890459363966,-0.2755169611307421,0.1200883392226148
6.125527858734131,-0.564452296819788,0.5833922261484099,3.6115547703180226,0.057568904593639725,-0.28121696113074207,0.14058833922261477
6.142439126968384,-0.6444522968197879,0.50339222614841,3.7515547703180214,0.06416890459363966,-0.29941696113074207,0.1388883392226148
6.159654855728149,-0.47445229681978796,0.8233922261484099,3.4615547703180223,-0.006331095406360343,-0.2937169611307421,0.13298833922261477
6.177523136138916,-0.3944522968197879,0.7233922261484099,3.761554770318021,-0.08893109540636035,-0.2602169611307421,0.1306883392226148
6.194505214691162,-0.254452296819788,0.8333922261484099,3.221554770318022,-0.19493109540636033,-0.1693169611307421,0.0928883392226148
6.211412191390991,-0.254452296819788,0.8333922261484099,3.221554770318022,-0.19493109540636033,-0.1693169611307421,0.0928883392226148
6.228431940078735,-0.14445229681978788,0.88339222614841,3.9915547703180216,-0.24793109540636027,-0.0627169611307421,0.03838833922261481
6.2454469203948975,-0.06445229681978804,0.6133922261484099,4.401554770318022,-0.12723109540636035,0.0166830388692579,0.004188339222614801
6.262504577636719,-0.08445229681978805,0.3233922261484099,2.8715547703180224,-0.007831095406360289,0.0253830388692579,-0.0099116607773852
6.27949070930481,0.0855477031802121,0.3533922261484099,1.4615547703180223,-0.004031095406360374,0.0319830388692579,-0.012211660777385225
6.296513080596924,0.06554770318021208,0.38339222614840995,1.1215547703180224,-0.04053109540636035,0.0558830388692579,-0.013511660777385193
6.313537359237671,0.06554770318021208,0.38339222614840995,1.1215547703180224,-0.04053109540636035,0.0558830388692579,-0.013511660777385193
6.33083176612854,-0.01445229681978799,0.25339222614840995,0.8615547703180226,-0.03513109540636028,0.0569830388692579,-0.008211660777385221
6.348398208618164,-0.024452296819788,0.2933922261484099,0.16155477031802157,-0.05073109540636034,0.0398830388692579,0.007588339222614815
6.365420341491699,-0.04445229681978802,0.3333922261484099,-0.46844522968197744,-0.10763109540636029,0.0169830388692579,0.046588339222614794
6.382628917694092,-0.3744522968197881,0.26339222614840985,-1.2484452296819786,-0.19743109540636028,0.0035830388692578985,0.07648833922261478
6.399747610092163,-0.544452296819788,0.2333922261484099,-1.478445229681979,-0.2911310954063603,0.023283038869257897,0.0651883392226148
6.416585206985474,-0.35445229681978807,0.48339222614840993,-1.6284452296819776,-0.3422310954063603,0.0856830388692579,0.03218833922261477
6.433530330657959,-0.35445229681978807,0.48339222614840993,-1.6284452296819776,-0.3422310954063603,0.0856830388692579,0.03218833922261477
6.450406789779663,-0.1744522968197879,0.95339222614841,-2.5084452296819784,-0.39613109540636027,0.1199830388692579,0.010388339222614784
6.467544794082642,0.015547703180212036,1.31339222614841,-2.998445229681977,-0.4531310954063603,0.12308303886925791,0.021188339222614816
6.4846367835998535,0.015547703180212036,1.58339222614841,-3.318445229681977,-0.5077310954063603,0.1271830388692579,0.0409883392226148
6.501632452011108,-0.01445229681978799,1.67339222614841,-3.308445229681979,-0.5355310954063603,0.1268830388692579,0.05198833922261481
6.518509864807129,-0.09445229681978806,1.7633922261484098,-3.2884452296819795,-0.5451310954063604,0.12458303886925791,0.0399883392226148
6.535601615905762,0.05554770318021207,1.9033922261484097,-2.778445229681978,-0.5212310954063604,0.1164830388692579,0.021588339222614772
6.552517652511597,0.05554770318021207,1.9033922261484097,-2.778445229681978,-0.5212310954063604,0.1164830388692579,0.021588339222614772
6.569520950317383,0.17554770318021196,1.9233922261484098,-2.5784452296819786,-0.4701310954063602,0.0891830388692579,0.023288339222614807
6.586515426635742,0.04554770318021206,1.7833922261484099,-2.5784452296819786,-0.45273109540636036,0.0331830388692579,0.032788339222614815
6.60348653793335,-0.11445229681978808,1.43339222614841,-1.6284452296819776,-0.4239310954063604,-0.000516961130742101,0.02958833922261478
6.620630979537964,-0.23445229681978796,1.18339222614841,-0.8384452296819784,-0.35993109540636037,-0.013516961130742102,0.0072883392226147925
6.6375555992126465,-0.14445229681978788,1.0133922261484098,-0.31844522968197886,-0.28023109540636026,-0.033316961130742104,-0.00031166077738520315
6.654657602310181,-0.34445229681978806,0.6833922261484099,0.35155477031802107,-0.19683109540636035,-0.038816961130742095,-0.010711660777385223
6.671607494354248,-0.34445229681978806,0.6833922261484099,0.35155477031802107,-0.19683109540636035,-0.038816961130742095,-0.010711660777385223
6.688491344451904,-0.3644522968197881,0.4533922261484099,1.0715547703180217,-0.0763310954063603,-0.0322169611307421,-0.05341166077738521
6.7055277824401855,-0.20445229681978794,0.4433922261484099,1.8315547703180215,0.08216890459363968,-0.0658169611307421,-0.06101166077738521
6.722502708435059,-0.1344522968197881,0.28339222614840986,1.9615547703180223,0.2392689045936397,-0.15201696113074212,-0.005711660777385219
6.739501953125,-0.304452296819788,0.39339222614840996,1.0015547703180214,0.2245689045936397,-0.25211696113074206,0.062388339222614775
6.756582498550415,-0.254452296819788,0.6133922261484099,1.9215547703180214,0.1101689045936397,-0.2917169611307421,0.11368833922261479
6.773536920547485,-0.254452296819788,0.6133922261484099,1.9215547703180214,0.1101689045936397,-0.2917169611307421,0.11368833922261479
6.790517568588257,-0.494452296819788,0.66339222614841,3.191554770318021,0.0517689045936397,-0.28831696113074207,0.14008833922261482
6.807473182678223,-0.6944522968197879,0.4633922261484099,3.901554770318022,0.06206890459363967,-0.30601696113074206,0.1422883392226148
6.824631452560425,-0.504452296819788,0.6933922261484099,3.551554770318022,0.02526890459363973,-0.3047169611307421,0.13388833922261478
6.841700792312622,-0.4044522968197879,0.8433922261484099,3.681554770318021,-0.058831095406360334,-0.28631696113074206,0.13998833922261478
6.8584325313568115,-0.31445229681978804,0.7233922261484099,3.551554770318022,-0.14343109540636034,-0.2204169611307421,0.1236883392226148
6.87582802772522,-0.24445229681978797,0.89339222614841,3.481554770318022,-0.24343109540636032,-0.1135169611307421,0.06878833922261479
6.893616676330566,-0.24445229681978797,0.89339222614841,3.481554770318022,-0.24343109540636032,-0.1135169611307421,0.06878833922261479
6.9105613231658936,-0.07445229681978804,0.7133922261484099,4.591554770318021,-0.18543109540636027,-0.012916961130742099,0.020688339222614816
6.927466630935669,-0.1344522968197881,0.40339222614840997,3.6215547703180224,-0.04253109540636035,0.026783038869257897,-0.004811660777385207
6.944471836090088,0.035547703180212054,0.27339222614840986,2.061554770318022,0.012768904593639663,0.028383038869257898,-0.01211166077738518
6.96143364906311,0.1155477031802119,0.39339222614840996,1.1815547703180211,-0.02093109540636029,0.0546830388692579,-0.013811660777385215
6.978569984436035,0.005547703180212027,0.2933922261484099,1.0515547703180221,-0.03083109540636031,0.0627830388692579,-0.01161166077738518
6.9955127239227295,-0.03445229681978801,0.2433922261484099,0.4615547703180223,-0.03313109540636028,0.0483830388692579,0.0004883392226148198
7.012509822845459,-0.03445229681978801,0.2433922261484099,0.4615547703180223,-0.03313109540636028,0.0483830388692579,0.0004883392226148198
7.029571294784546,0.005547703180212027,0.3433922261484099,-0.19844522968197786,-0.07883109540636035,0.028883038869257898,0.029788339222614812
7.0465147495269775,-0.24445229681978797,0.28339222614840986,-0.9084452296819787,-0.15513109540636028,0.006683038869257897,0.0691883392226148
7.063464641571045,-0.554452296819788,0.21339222614840989,-1.5184452296819781,-0.25603109540636027,0.005383038869257898,0.0726883392226148
7.080802917480469,-0.45445229681978794,0.3333922261484099,-1.438445229681978,-0.3240310954063603,0.0553830388692579,0.04168833922261478
7.098567485809326,-0.23445229681978796,0.78339222614841,-2.148445229681979,-0.3707310954063603,0.1090830388692579,0.006788339222614792
7.115607261657715,-0.07445229681978804,1.18339222614841,-2.85844522968198,-0.42773109540636023,0.11388303886925791,0.0029883392226147665
7.1324591636657715,-0.07445229681978804,1.18339222614841,-2.85844522968198,-0.42773109540636023,0.11388303886925791,0.0029883392226147665
7.149480581283569,0.025547703180212045,1.5133922261484098,-3.26844522968198,-0.48713109540636035,0.1141830388692579,0.019788339222614804
7.166543483734131,0.04554770318021206,1.66339222614841,-3.2584452296819784,-0.5257310954063603,0.1191830388692579,0.034488339222614794
7.183649778366089,-0.04445229681978802,1.7333922261484098,-3.35844522968198,-0.5419310954063603,0.11828303886925791,0.03408833922261478
7.200455904006958,-0.024452296819788,1.8833922261484097,-3.0784452296819786,-0.5380310954063603,0.1097830388692579,0.014488339222614777
7.217480659484863,0.16554770318021195,1.9433922261484098,-2.4984452296819786,-0.4882310954063602,0.0936830388692579,0.008888339222614783
7.2345123291015625,0.13554770318021192,1.89339222614841,-2.748445229681977,-0.4575310954063603,0.048083038869257896,0.01998833922261478
7.251594543457031,0.13554770318021192,1.89339222614841,-2.748445229681977,-0.4575310954063603,0.048083038869257896,0.01998833922261478
7.268483877182007,-0.04445229681978802,1.58339222614841,-2.1284452296819776,-0.4472310954063603,-0.0010169611307421014,0.02948833922261479
7.285537004470825,-0.19445229681978793,1.2733922261484099,-1.1384452296819774,-0.39723109540636037,-0.011416961130742104,0.01358833922261482
7.302520275115967,-0.1744522968197879,1.06339222614841,-0.5184452296819781,-0.3184310954063603,-0.024216961130742103,-0.003311660777385206
7.319535255432129,-0.24445229681978797,0.88339222614841,-0.08844522968197843,-0.24503109540636037,-0.038316961130742094,-0.007511660777385187
7.336412668228149,-0.3944522968197879,0.48339222614840993,0.8115547703180219,-0.14003109540636027,-0.033516961130742096,-0.03871166077738519
7.35348653793335,-0.3944522968197879,0.48339222614840993,0.8115547703180219,-0.14003109540636027,-0.033516961130742096,-0.03871166077738519
7.370420217514038,-0.24445229681978797,0.49339222614840994,1.4315547703180211,0.001468904593639686,-0.0360169611307421,-0.06901166077738521
7.3874335289001465,-0.12445229681978809,0.3433922261484099,2.141554770318022,0.17696890459363968,-0.0999169611307421,-0.03721166077738522
7.404512882232666,-0.254452296819788,0.2933922261484099,1.271554770318021,0.2519689045936397,-0.20161696113074212,0.03048833922261479
7.421457290649414,-0.294452296819788,0.48339222614840993,1.3415547703180213,0.15846890459363966,-0.2708169611307421,0.0858883392226148
7.438512325286865,-0.32445229681978804,0.66339222614841,2.7115547703180223,0.06766890459363972,-0.2693169611307421,0.12188833922261477
7.455453395843506,-0.554452296819788,0.5633922261484099,3.6615547703180216,0.05456890459363972,-0.2760169611307421,0.13848833922261478
7.472492218017578,-0.554452296819788,0.5633922261484099,3.6615547703180216,0.05456890459363972,-0.2760169611307421,0.13848833922261478
7.489550352096558,-0.544452296819788,0.5533922261484099,3.731554770318022,0.04846890459363973,-0.2845169611307421,0.13638833922261479
7.506642818450928,-0.4044522968197879,0.8633922261484099,3.561554770318022,-0.022531095406360335,-0.27371696113074206,0.13708833922261482
7.523512363433838,-0.35445229681978807,0.7033922261484099,3.8215547703180217,-0.0954310954063603,-0.2369169611307421,0.1351883392226148
7.540405035018921,-0.23445229681978796,0.8433922261484099,3.2415547703180216,-0.20443109540636029,-0.1423169611307421,0.09178833922261481
7.557582378387451,-0.07445229681978804,0.8633922261484099,4.241554770318022,-0.23483109540636027,-0.0332169611307421,0.034888339222614806
7.574499607086182,-0.04445229681978802,0.5833922261484099,4.271554770318021,-0.10123109540636033,0.033283038869257896,0.004988339222614768
7.591442584991455,-0.04445229681978802,0.5833922261484099,4.271554770318021,-0.10123109540636033,0.033283038869257896,0.004988339222614768
7.608413219451904,-0.024452296819788,0.3333922261484099,2.691554770318021,0.002668904593639665,0.032583038869257896,-0.0026116607773852274
7.625601768493652,0.07554770318021209,0.37339222614840994,1.5115547703180212,-0.0018310954063602836,0.0444830388692579,-0.004711660777385218
7.642509698867798,0.005547703180212027,0.3533922261484099,1.191554770318021,-0.026131095406360272,0.061083038869257894,-0.00881166077738521
7.659616470336914,-0.04445229681978802,0.25339222614840995,0.7615547703180212,-0.027231095406360373,0.0549830388692579,-0.0063116607773852085
7.6764256954193115,-0.004452296819787982,0.3333922261484099,0.12155477031802242,-0.0571310954063603,0.0415830388692579,0.008888339222614783
7.693559646606445,-0.004452296819787982,0.3333922261484099,0.12155477031802242,-0.0571310954063603,0.0415830388692579,0.008888339222614783
7.710538625717163,-0.054452296819788026,0.36339222614840994,-0.4984452296819786,-0.1166310954063603,0.018083038869257897,0.05118833922261479
7.727409362792969,-0.4244522968197879,0.25339222614840995,-1.3184452296819789,-0.20783109540636036,0.0022830388692578994,0.08118833922261481
7.744415521621704,-0.574452296819788,0.2433922261484099,-1.4684452296819774,-0.30053109540636036,0.0279830388692579,0.0646883392226148
7.761445760726929,-0.35445229681978807,0.53339222614841,-1.6684452296819785,-0.3495310954063603,0.0936830388692579,0.02418833922261482
7.778491258621216,-0.1344522968197881,1.0033922261484098,-2.598445229681978,-0.40233109540636036,0.1217830388692579,0.004088339222614812
7.795650243759155,0.04554770318021206,1.37339222614841,-3.1784452296819765,-0.4673310954063603,0.1200830388692579,0.01948833922261478
7.812618970870972,0.04554770318021206,1.37339222614841,-3.1784452296819765,-0.4673310954063603,0.1200830388692579,0.01948833922261478
7.8294665813446045,0.04554770318021206,1.62339222614841,-3.248445229681977,-0.5187310954063604,0.1260830388692579,0.04208833922261479
7.8465070724487305,-0.024452296819788,1.71339222614841,-3.348445229681978,-0.5395310954063604,0.12068303886925791,0.056988339222614814
7.863567113876343,-0.1344522968197881,1.7933922261484099,-3.348445229681978,-0.5545310954063603,0.1140830388692579,0.0439883392226148
7.880511999130249,0.035547703180212054,1.9033922261484097,-2.648445229681979,-0.5242310954063603,0.1111830388692579,0.020388339222614793
7.897672891616821,0.17554770318021196,1.95339222614841,-2.658445229681977,-0.47183109540636026,0.0829830388692579,0.02008833922261477
7.914426326751709,0.015547703180212036,1.7933922261484099,-2.60844522968198,-0.46593109540636024,0.023183038869257898,0.031788339222614814
7.931464433670044,0.015547703180212036,1.7933922261484099,-2.60844522968198,-0.46593109540636024,0.023183038869257898,0.031788339222614814
7.948508977890015,-0.1644522968197879,1.42339222614841,-1.4484452296819779,-0.42953109540636025,-0.004916961130742099,0.0263883392226148
7.965487003326416,-0.22445229681978796,1.17339222614841,-0.6884452296819781,-0.35113109540636034,-0.013816961130742104,0.004488339222614768
7.982439041137695,-0.18445229681978792,1.0033922261484098,-0.33844522968197843,-0.27753109540636034,-0.0347169611307421,-0.0027116607773852164
7.999549627304077,-0.3644522968197881,0.62339222614841,0.5115547703180212,-0.19033109540636028,-0.034516961130742096,-0.022611660777385217
8.0164155960083,-0.294452296819788,0.50339222614841,1.2015547703180225,-0.058831095406360334,-0.026416961130742104,-0.0649116607773852
8.03381633758545,-0.294452296819788,0.50339222614841,1.2015547703180225,-0.058831095406360334,-0.026416961130742104,-0.0649116607773852
8.050419330596924,-0.14445229681978788,0.4533922261484099,2.0015547703180214,0.1106689045936397,-0.07411696113074209,-0.05521166077738521
8.06745958328247,-0.1544522968197879,0.2933922261484099,1.7315547703180219,0.24516890459363966,-0.1685169611307421,0.009088339222614816
8.084579467773438,-0.274452296819788,0.4333922261484099,1.141554770318022,0.20056890459363969,-0.25511696113074206,0.0731883392226148
8.101584672927856,-0.23445229681978796,0.65339222614841,2.2415547703180216,0.09536890459363967,-0.2754169611307421,0.11998833922261481
8.118481636047363,-0.534452296819788,0.65339222614841,3.3415547703180213,0.05036890459363963,-0.27971696113074207,0.1426883392226148
8.135406017303467,-0.6544522968197879,0.49339222614840994,3.901554770318022,0.05796890459363968,-0.2963169611307421,0.1413883392226148
8.152685642242432,-0.6544522968197879,0.49339222614840994,3.901554770318022,0.05796890459363968,-0.2963169611307421,0.1413883392226148
8.169511318206787,-0.47445229681978796,0.78339222614841,3.561554770318022,0.007968904593639636,-0.2915169611307421,0.1342883392226148
8.186407804489136,-0.3944522968197879,0.7933922261484099,3.851554770318021,-0.06693109540636033,-0.2693169611307421,0.1381883392226148
8.203440427780151,-0.294452296819788,0.77339222614841,3.391554770318022,-0.1588310954063603,-0.19681696113074212,0.11338833922261482
8.220589399337769,-0.18445229681978792,0.91339222614841,3.7815547703180226,-0.2456310954063603,-0.08861696113074209,0.05728833922261478
8.237478971481323,-0.08445229681978805,0.6733922261484099,4.541554770318022,-0.15513109540636028,-0.002016961130742099,0.01648833922261478
8.254497289657593,-0.14445229681978788,0.37339222614840994,3.261554770318021,-0.02533109540636036,0.014883038869257898,-0.002111660777385227
8.271500587463379,-0.14445229681978788,0.37339222614840994,3.261554770318021,-0.02533109540636036,0.014883038869257898,-0.002111660777385227
8.288431406021118,0.05554770318021207,0.3033922261484099,1.9315547703180211,0.00876890459363966,0.023383038869257897,-0.0089116607773852
8.305546760559082,0.0855477031802121,0.38339222614840995,1.221554770318022,-0.019131095406360266,0.0507830388692579,-0.012211660777385225
8.32259726524353,0.005547703180212027,0.27339222614840986,0.9415547703180209,-0.024931095406360293,0.052883038869257895,-0.009211660777385222
8.339477777481079,-0.004452296819787982,0.27339222614840986,0.3215547703180217,-0.042231095406360275,0.0410830388692579,0.002188339222614799
8.356449842453003,0.005547703180212027,0.36339222614840994,-0.25844522968197836,-0.09313109540636033,0.0222830388692579,0.03318833922261477
8.373510837554932,0.005547703180212027,0.36339222614840994,-0.25844522968197836,-0.09313109540636033,0.0222830388692579,0.03318833922261477
8.390527486801147,-0.284452296819788,0.27339222614840986,-0.9684452296819774,-0.16883109540636032,0.0009830388692578969,0.06988833922261478
8.40746521949768,-0.534452296819788,0.20339222614840988,-1.4984452296819786,-0.26813109540636026,0.006383038869257899,0.06698833922261477
8.424472570419312,-0.3944522968197879,0.37339222614840994,-1.4884452296819788,-0.33373109540636037,0.0622830388692579,0.03148833922261479
8.441683292388916,-0.18445229681978792,0.8233922261484099,-2.2084452296819777,-0.38123109540636035,0.11098303886925791,-0.0028116607773852054
8.458453893661499,-0.024452296819788,1.19339222614841,-2.968445229681979,-0.4405310954063604,0.10808303886925791,-0.0029116607773851944
8.47553563117981,0.0955477031802121,1.5233922261484099,-3.1684452296819785,-0.4986310954063604,0.1117830388692579,0.0157883392226148
8.492503881454468,0.0955477031802121,1.5233922261484099,-3.1684452296819785,-0.4986310954063604,0.1117830388692579,0.0157883392226148
8.509666681289673,0.1155477031802119,1.68339222614841,-3.2284452296819772,-0.5284310954063602,0.1163830388692579,0.03528833922261482
8.526528120040894,-0.024452296819788,1.7733922261484099,-3.438445229681978,-0.5503310954063603,0.10518303886925791,0.04218833922261478
8.543416976928711,-0.01445229681978799,1.8633922261484097,-2.898445229681979,-0.5414310954063604,0.0967830388692579,0.026988339222614788
8.560646533966064,0.14554770318021193,1.93339222614841,-2.4684452296819774,-0.4837310954063603,0.0820830388692579,0.02058833922261477
8.57743787765503,0.07554770318021209,1.87339222614841,-2.6984452296819796,-0.4621310954063602,0.0335830388692579,0.028688339222614767
8.594458818435669,-0.12445229681978809,1.5233922261484099,-1.8784452296819776,-0.44473109540636035,-0.011116961130742103,0.03308833922261478
8.611447811126709,-0.12445229681978809,1.5233922261484099,-1.8784452296819776,-0.44473109540636035,-0.011116961130742103,0.03308833922261478
8.628494262695312,-0.20445229681978794,1.2633922261484098,-0.8984452296819789,-0.38323109540636036,-0.013016961130742102,0.013988339222614776
8.645718574523926,-0.1744522968197879,1.07339222614841,-0.4884452296819788,-0.30773109540636034,-0.0280169611307421,0.0013883392226147762
8.662423610687256,-0.33445229681978805,0.7933922261484099,0.15155477031802178,-0.23273109540636028,-0.0410169611307421,-0.00721166077738522
8.679465293884277,-0.4044522968197879,0.4533922261484099,1.0515547703180221,-0.11403109540636036,-0.027816961130742102,-0.0502116607773852
8.696484088897705,-0.22445229681978796,0.49339222614840994,1.641554770318022,0.03686890459363967,-0.04211696113074209,-0.07501166077738522
8.71348237991333,-0.22445229681978796,0.49339222614840994,1.641554770318022,0.03686890459363967,-0.04211696113074209,-0.07501166077738522
8.73053240776062,-0.10445229681978807,0.3133922261484099,2.0815547703180215,0.2044689045936397,-0.12011696113074209,-0.029511660777385207
8.747567653656006,-0.254452296819788,0.3533922261484099,1.2015547703180225,0.2382689045936397,-0.21881696113074212,0.0399883392226148
8.764616012573242,-0.23445229681978796,0.5533922261484099,1.7015547703180225,0.1409689045936397,-0.2736169611307421,0.0959883392226148
8.781594514846802,-0.3844522968197881,0.7033922261484099,2.8415547703180213,0.05816890459363966,-0.2796169611307421,0.13408833922261482
8.798598766326904,-0.6444522968197879,0.5433922261484099,3.8215547703180217,0.05126890459363964,-0.2946169611307421,0.14718833922261482
8.81546664237976,-0.6044522968197881,0.6033922261484099,3.7015547703180225,0.0386689045936397,-0.3028169611307421,0.14048833922261478
8.83259916305542,-0.6044522968197881,0.6033922261484099,3.7015547703180225,0.0386689045936397,-0.3028169611307421,0.14048833922261478
8.849574089050293,-0.45445229681978794,0.8433922261484099,3.691554770318021,-0.03483109540636031,-0.2879169611307421,0.13908833922261482
8.866430759429932,-0.35445229681978807,0.7233922261484099,3.6615547703180216,-0.11403109540636036,-0.24011696113074213,0.1297883392226148
8.88350772857666,-0.254452296819788,0.91339222614841,3.301554770318022,-0.2275310954063603,-0.14291696113074212,0.08258833922261477
8.900512456893921,-0.09445229681978806,0.8233922261484099,4.411554770318022,-0.21503109540636034,-0.04161696113074209,0.034288339222614816
8.917471647262573,-0.1344522968197881,0.5433922261484099,3.851554770318021,-0.0793310954063603,0.004083038869257899,0.011888339222614785
8.934476852416992,-0.06445229681978804,0.3033922261484099,2.4915547703180216,0.0061689045936397235,0.005283038869257899,0.0036883392226148004
8.951445817947388,-0.06445229681978804,0.3033922261484099,2.4915547703180216,0.0061689045936397235,0.005283038869257899,0.0036883392226148004
8.968491315841675,0.035547703180212054,0.36339222614840994,1.3315547703180215,-0.005231095406360353,0.024883038869257898,-0.001211660777385215
8.985474824905396,-0.01445229681978799,0.3333922261484099,1.0115547703180212,-0.030031095406360286,0.0405830388692579,-0.004811660777385207
9.002686023712158,-0.06445229681978804,0.2433922261484099,0.5915547703180213,-0.03743109540636036,0.0350830388692579,-0.001411660777385193
9.020530462265015,-0.01445229681978799,0.3233922261484099,0.0015547703180214256,-0.06983109540636034,0.0230830388692579,0.016588339222614767
9.037513971328735,-0.12445229681978809,0.3133922261484099,-0.6984452296819779,-0.1347310954063603,0.004983038869257897,0.0560883392226148
9.054465770721436,-0.47445229681978796,0.2233922261484099,-1.4684452296819774,-0.2336310954063603,-0.0021169611307421017,0.0721883392226148
9.071500301361084,-0.47445229681978796,0.2233922261484099,-1.4684452296819774,-0.2336310954063603,-0.0021169611307421017,0.0721883392226148
9.088593006134033,-0.47445229681978796,0.27339222614840986,-1.4184452296819785,-0.3161310954063603,0.0386830388692579,0.048588339222614796
9.105536460876465,-0.264452296819788,0.65339222614841,-1.858445229681978,-0.36023109540636034,0.1033830388692579,0.011588339222614819
9.122442722320557,-0.08445229681978805,1.06339222614841,-2.7884452296819795,-0.4172310954063603,0.1156830388692579,0.0005883392226148088
9.139442682266235,0.05554770318021207,1.41339222614841,-3.148445229681979,-0.48193109540636025,0.1180830388692579,0.015488339222614778
9.156405687332153,0.05554770318021207,1.62339222614841,-3.158445229681977,-0.5192310954063604,0.12568303886925788,0.03268833922261477
9.173500061035156,0.05554770318021207,1.62339222614841,-3.158445229681977,-0.5192310954063604,0.12568303886925788,0.03268833922261477
9.190510749816895,-0.01445229681978799,1.70339222614841,-3.4284452296819765,-0.5415310954063604,0.1166830388692579,0.04128833922261477
9.207544803619385,-0.10445229681978807,1.7733922261484099,-3.148445229681979,-0.5508310954063602,0.1120830388692579,0.021888339222614794
9.224523544311523,0.1155477031802119,1.89339222614841,-2.4684452296819774,-0.5017310954063603,0.1069830388692579,0.004488339222614768
9.241483211517334,0.18554770318021196,1.95339222614841,-2.7584452296819784,-0.46513109540636033,0.0680830388692579,0.011988339222614774
9.258561372756958,-0.024452296819788,1.67339222614841,-2.308445229681979,-0.4592310954063603,0.009583038869257897,0.026988339222614788
9.275464057922363,-0.18445229681978792,1.34339222614841,-1.148445229681979,-0.40553109540636023,-0.005716961130742101,0.0172883392226148
9.292464017868042,-0.18445229681978792,1.34339222614841,-1.148445229681979,-0.40553109540636023,-0.005716961130742101,0.0172883392226148
9.30948257446289,-0.20445229681978794,1.13339222614841,-0.6284452296819776,-0.3286310954063604,-0.0192169611307421,-0.001511660777385182
9.32641077041626,-0.20445229681978794,0.92339222614841,-0.15844522968197872,-0.2585310954063603,-0.0384169611307421,-0.0037116607773852173
9.343536376953125,-0.35445229681978807,0.5533922261484099,0.7515547703180214,-0.1578310954063603,-0.030316961130742105,-0.02771166077738521
9.360438585281372,-0.254452296819788,0.53339222614841,1.3715547703180224,-0.017431095406360342,-0.0321169611307421,-0.0573116607773852
9.3775155544281,-0.1544522968197879,0.37339222614840994,2.1115547703180226,0.1556689045936397,-0.09601696113074211,-0.02771166077738521
9.394513607025146,-0.274452296819788,0.25339222614840995,1.5415547703180223,0.2540689045936397,-0.1906169611307421,0.03528833922261482
9.411502838134766,-0.274452296819788,0.25339222614840995,1.5415547703180223,0.2540689045936397,-0.1906169611307421,0.03528833922261482
9.428420066833496,-0.32445229681978804,0.41339222614841,1.3715547703180224,0.18556890459363967,-0.2613169611307421,0.0852883392226148
9.445463418960571,-0.294452296819788,0.6733922261484099,2.391554770318022,0.07686890459363971,-0.27071696113074206,0.1205883392226148
9.462464809417725,-0.554452296819788,0.62339222614841,3.561554770318022,0.038868904593639675,-0.27421696113074207,0.13688833922261479
9.47940969467163,-0.6044522968197881,0.52339222614841,3.881554770318022,0.04626890459363964,-0.2850169611307421,0.13508833922261482
9.496525049209595,-0.44445229681978793,0.8133922261484099,3.631554770318022,-0.007831095406360289,-0.2786169611307421,0.13438833922261478
9.513471364974976,-0.44445229681978793,0.8133922261484099,3.631554770318022,-0.007831095406360289,-0.2786169611307421,0.13438833922261478
9.53052043914795,-0.3744522968197881,0.7233922261484099,3.771554770318021,-0.0843310954063603,-0.24621696113074212,0.13388833922261478
9.547443151473999,-0.264452296819788,0.8333922261484099,3.221554770318022,-0.19853109540636027,-0.1576169611307421,0.09298833922261479
9.564409494400024,-0.11445229681978808,0.88339222614841,4.061554770318022,-0.2475310954063603,-0.0492169611307421,0.03578833922261482
9.581477642059326,-0.04445229681978802,0.65339222614841,4.301554770318022,-0.1298310954063603,0.0227830388692579,0.005488339222614769
9.598466634750366,-0.06445229681978804,0.3433922261484099,3.061554770318022,-0.008531095406360323,0.0338830388692579,-0.0055116607773851856
9.615482330322266,0.06554770318021208,0.3133922261484099,1.6715547703180214,0.015168904593639732,0.0447830388692579,-0.0089116607773852
9.632481813430786,0.06554770318021208,0.3133922261484099,1.6715547703180214,0.015168904593639732,0.0447830388692579,-0.0089116607773852
9.649664402008057,0.04554770318021206,0.37339222614840994,1.0115547703180212,-0.021431095406360345,0.061583038869257894,-0.01211166077738518
9.666581392288208,-0.03445229681978801,0.28339222614840986,0.7415547703180216,-0.03613109540636028,0.0588830388692579,-0.010411660777385201
9.683515787124634,-0.024452296819788,0.2933922261484099,0.23155477031802185,-0.0561310954063603,0.0439830388692579,0.004188339222614801
9.70042371749878,-0.04445229681978802,0.3433922261484099,-0.358445229681978,-0.10223109540636033,0.0198830388692579,0.04368833922261478
9.717576265335083,-0.3744522968197881,0.2433922261484099,-1.2484452296819786,-0.18993109540636033,-0.000516961130742101,0.0767883392226148
9.734492540359497,-0.584452296819788,0.19339222614840992,-1.5484452296819775,-0.29243109540636036,0.013983038869257898,0.06328833922261479
9.751461505889893,-0.584452296819788,0.19339222614840992,-1.5484452296819775,-0.29243109540636036,0.013983038869257898,0.06328833922261479
9.768574714660645,-0.3844522968197881,0.4333922261484099,-1.558445229681979,-0.3462310954063603,0.0757830388692579,0.020188339222614815
9.785512685775757,-0.14445229681978788,0.89339222614841,-2.488445229681979,-0.39443109540636034,0.1076830388692579,-0.006911660777385198
9.802484035491943,0.035547703180212054,1.2633922261484098,-3.058445229681979,-0.4591310954063603,0.1052830388692579,0.0011883392226147982
9.819541692733765,0.0955477031802121,1.5433922261484099,-3.118445229681978,-0.5064310954063602,0.1155830388692579,0.01908833922261477
9.83649468421936,0.07554770318021209,1.68339222614841,-3.3884452296819774,-0.5330310954063604,0.1108830388692579,0.036188339222614774
9.853720426559448,0.07554770318021209,1.68339222614841,-3.3884452296819774,-0.5330310954063604,0.1108830388692579,0.036188339222614774
9.870534658432007,-0.07445229681978804,1.7333922261484098,-3.3884452296819774,-0.5573310954063604,0.09938303886925791,0.033288339222614816
9.887468576431274,0.015547703180212036,1.82339222614841,-2.648445229681979,-0.5271310954063604,0.09938303886925791,0.010588339222614818
9.90460467338562,0.20554770318021198,1.93339222614841,-2.598445229681978,-0.47283109540636037,0.0793830388692579,0.004488339222614768
9.921651840209961,0.05554770318021207,1.8033922261484099,-2.6784452296819765,-0.4653310954063603,0.0210830388692579,0.01588833922261479
9.93860411643982,-0.1344522968197881,1.43339222614841,-1.528445229681978,-0.4299310954063602,-0.011316961130742102,0.015088339222614822
9.95545220375061,-0.18445229681978792,1.20339222614841,-0.8084452296819791,-0.35683109540636027,-0.015716961130742103,-0.004411660777385196
9.972674131393433,-0.18445229681978792,1.20339222614841,-0.8084452296819791,-0.35683109540636027,-0.015716961130742103,-0.004411660777385196
9.989509344100952,-0.1744522968197879,1.0233922261484099,-0.4284452296819783,-0.2870310954063603,-0.0376169611307421,-0.010911660777385201
10.006409406661987,-0.3644522968197881,0.66339222614841,0.44155477031802093,-0.2002310954063603,-0.0399169611307421,-0.025911660777385215
